text;label
rt fadli zon minta mendagri segera menonaktifkan ahok jadi gubernur dki ;Non_HS
rt mereka terus melukai aksi dalam rangka memenjarakan ahok atau ahok gagal dalam pilkada;Non_HS
sylvi bagaimana gurbernur melakukan kekerasan perempuan buktinya banyak ibu mau foto bareng ;Non_HS
ahmad dhani tak puas debat pilkada masalah jalan di bekasi belum sempat terungkap ;Non_HS
rt waspada ktp palsukawal pilkada ;Non_HS
 masih bnyak hal agamis yg bisa dibahas kenapa ke pilkada terus apa tingkat keimanan anda cuma sebatas pilkada;Non_HS
 apa maksud pernyataan anda apa anda mengaminkan kriminalisasi ahok hati jg dg mulutmu pak ;Non_HS
ahok akan integrasikan transportasi publik dengan sistem single ticketingu ;Non_HS
ahok mampu melawan korupsi di ibukota bangun infrastruktur mencoba memperbaiki dengan berbagai trobosan dan works well;Non_HS
awasi kecurangan pilkada agus sylvi pakai aplikasi ini ;Non_HS
bisa gak kita seperti jokowi dan ahok aku kalem kamu tegas saling melengkapi ;Non_HS
bos mau makan di istana ga di undang noh makan di istana gebang tapinya ;Non_HS
cuti habis ahok jadi gubernur dki lagi pengamat jangan mengadaada republika online ;Non_HS
debat terakhir pilkada dki jakarta digelar jumat malam ;Non_HS
demonstran fpd malteng desak bawaslu hentikan sementara tahapan pilkada maluku tengah;Non_HS
dulu didesak berhentikan ahok ngeles usai masa cuti pilkada sekarang kampanye mau habis kemendagri raguragu ;Non_HS
gila gara pilkada beberapa tokoh menampakkan watak aslinya;Non_HS
gontor izinkan santrinya pulang kampung nyoblos pilkada dki republika online ;Non_HS
gubernur nonaktif dki jakarta basuki tjahaja purnama atau ahok berencana merombak struktur jabatan pegawai ;Non_HS
hebat imam besar masjid istiqlal kalimat ahok tidak ada penistaan agama sebarkan;Non_HS
ibu aja kalo beli telor pake milih sblm ditimbang pdh telor kan mirip ibu itu tahu telor ada yg busuk;Non_HS
ini jawaban ahok saat ditanya terkait persiapan debat pilgub terakhir besok ;Non_HS
ini pesan ahok di hari pers nasional ;Non_HS
istighotsah bersama ahok catut logo nu ;Non_HS
itu yang ngomong jangan pilih ahok djarot pernah ngerasain banjir ga sih ;Non_HS
iya aja deh dripada hoax;Non_HS
jadi teringat para pelacurbelia yg dijual orang tuanyasendiri di panturademi sesuap nasi ;Non_HS
jadi yg nyebar hoax ketahuan dong ada akun twitter nya lho;Non_HS
mpok tolong mas ;Non_HS
ke bidara beli mangga pulang nye liwat slipi jangan lupa ingetin tetangga untuk milih agus sylvi ;Non_HS
serius tapi ada selipan hiburannya uddudeuddudeuddude ;Non_HS
sylvie sukses blunder bikin paslon drop elektabilitasnya dengan fitnah dan spin salah pilih kader ;Non_HS
ahok mari berlomba program ;Non_HS
 aduh kecewa pertanyaan paslon ;Non_HS
rt saya pilih nomor sektor informal akan dimajukan mas agus dan mpok sylvi;Non_HS
rt ahok pilihan terbaik untuk jakarta;Non_HS
rt bu silvy curhat karena pernah dimarahi sama pak ahokhehe;Non_HS
mantap pak ahok ;Non_HS
ahok gagah kaya gatot kaca ;Non_HS
telaaaakkk nomer satuuuu nghahahaha ;Non_HS
lomba adu program ;Non_HS
 denger banyak program dan janji dan sering tau pas jadi ga dijalankan rasanya males aja sih;Non_HS
debat cagub dki ke februari segmen mantap ahok skak sylviana murninn;Non_HS
pertanyaan ibu silvy rada maksa ;Non_HS
tanggal pas pilkada nanti sy gak akan milih siapasiapa ah;Non_HS
saya pribadi bakal prefer kok muslim dengan kapabilitas tetapi lihat kondisinya ahok menjadi pilihan plg realistis buat kemajuan dki;Non_HS
yang mendukung mas anies bukan berarti anti pak ahok begitu pula sebaliknya;Non_HS
spanduk tolak salatkan pembela penista agama juga muncul di kalibata ;Non_HS
 telak banget anjir ngakak;Non_HS
ayo berlomba program jangan fitnah ;Non_HS
rt akhirnya nggak ngantuk lagi yeay ;Non_HS
duh dibilang ga punya program paslon kesian kesian kesian ;Non_HS
tuntut keadilan bagi penista agama puluhan jawara betawi ikuti aksi jilid ii ;Non_HS
keras nih ahok ;Non_HS
paslon anies sandiaga uno feb utk jakarta indonesia raya ok oce;Non_HS
sesuai namanya ronde finalnn;Non_HS
mendagri tambah pusing ketika ma emoh keluarkan fatwa status gubernur penista agama ;Non_HS
tolong adu program;Non_HS
genderang perang makin kencang ;Non_HS
mpok sylvi udah mulai emosi udduden ;Non_HS
some people gabisa bedain kasar sama tegas ;Non_HS
beliau para pemimpin hebat indonesia kita bangga ;Non_HS
 mungkin bu silvy jg pengen foto sama pak ahok hihihi ;Non_HS
 mulai saling serang deh;Non_HS
rt baca ini dulu lah biar mendinginkan suasana ;Non_HS
ayo berlomba program jgn pitnah doank ;Non_HS
rt pokoknya kalo ahok udah ngomong aduuuuuuh kelar ;Non_HS
senjata makan tuan ;Non_HS
ahok kekerasan verbal masa koruptor dielus ;Non_HS
rt gak ada program yang mau diserang yang diserang karakternya ahay uddude ;Non_HS
terkait jakarta tak ramah anak apa tanggapan pak ;Non_HS
emang ok oce anies dan sandi dalam mengatasi urbanisasi dan lapangan kerja ;Non_HS
suporternya mulai kampungan paslon masih ngomong jg ;Non_HS
mulai seru ni ;Non_HS
 nangis nangis ketonjok lagi;Non_HS
rt jadi debat terakhir nanti malam pilihanmu jatuh ke paslon yang mana ;Non_HS
rt wkwkwk udah dah pilih anies sandi aja ;Non_HS
fitnah lebih kejam loh dari pembunuhan ;Non_HS
mari jangan coba pakai ;Non_HS
rt apapun itu keberanian ahok membongkar mafia anggaran menjadi tonggak penting menuju apbd yg kredibel dan akuntabel;Non_HS
rt inilah wujud nasionalisme dagangannya hebat ;Non_HS
pak dosen makin keliatan aslinya ;Non_HS
rt dulu di awal kampanye bukannya uda deklarasi anti sara tadinya gw pikir no lebih mending dari no;Non_HS
 mateng mpok silvy di bombardir pak ahok jawaban cerdas pak ahok;Non_HS
 mohon tenang;Non_HS
yg no nih ngomongin hal yg di luar program mulu ya ngga ada bhan ya bwt serang lawan cape dehh ;Non_HS
cinta pak ahok pokoknya ;Non_HS
 nggak cuma ibu yang pengen foto sama ahok bapak juga lho;Non_HS
mas agus saya akui malam inirambut kamu bagus ;Non_HS
rt ahok janji berani tutup tempat hiburan malam yang jual narkoba;Non_HS
agussylvi sisipkan bahasa jawa saat debat ;Non_HS
rt ahok udah perhatikan penyandang disabilitas jauuuh sebelum kandidat lain berjanji ;Non_HS
ahok keren ;Non_HS
gimana ya tim ahok kok makin disudutkan mungkin karena ini final kali y;Non_HS
nih fakta buat yg asbun ;Non_HS
siapsiap meme cctv ;Non_HS
nyinyir tingkat nasional ;Non_HS
drama bgt itu ;Non_HS
ini judulnya debat atau nyerang paslon ;Non_HS
lha kok menyerang gitu ya ;Non_HS
debat sama berantem beda tipis ;Non_HS
orang tegas dibilang makimaki orang ;Non_HS
 atau perempuan berbeda dengan kaum perempuan ;Non_HS
mantap ok oce anies sandi dalam mengatasi urbanisasi dan lapangan kerja;Non_HS
rt ga seru nih selalu mengungkit masa lalu kekerasan verbal semua pernah lakukan manusia biasa ;Non_HS
satu perempuan bukan semua perempuan ;Non_HS
 pertanyaan paslon dpt dikategorikan sbg kekerasan dalam debat;Non_HS
 pak maafkan saya biarkan malam ini saja saya memposting ujaran kebencian hanya malam ini saja pak xoxo ;Non_HS
semoga allah memenangkan pak aniessandi ;Non_HS
 non muslim coblos ahok muslim coblos djarot bagaimana;Non_HS
 pemimpin harus dapat ciptakan suasana damai tentram dan bukan adu domba atau hasutan;Non_HS
saya bertanya kepada bapak presiden dan kapolri ok oce tuh apaan ;Non_HS
keliatan banget keberpihakan media ;Non_HS
rt bagus nih ilustrasinya ;Non_HS
rt ahok terlalu keren ;Non_HS
isinya timeline twitter cm pilkada membosankan sekali;Non_HS
mohon tenang mohon tenang ;Non_HS
ah diulang jawabannya bisa beda kan ;Non_HS
perasaan bukan pertanyaan itu deh yg td dijawab om audionya ga keluar atau ia ya ;Non_HS
boleh tinggal di pinggir kali meski bukan tanahnya boleh jualan di pinggir jalan;Non_HS
rt sehatkan warga dki melalui barulah pembangunan dapat sejahterakan warganya ;Non_HS
kalau kamu diputuskan pacar tanpa sebab mungkin program oke oce bisa jadi solusi nya ;Non_HS
melibatkan yang paham pada bidangnya untuk duduk bersama memecahkan solusi cara kepemimpinan yg cerdas ;Non_HS
justru lakilaki lah yang sering mengalami kekerasan verbal berapa kali dirimu dimarahi istrimu ayo ngaku;Non_HS
rt soal gerakangerakan ala ;Non_HS
mayoritas warga jakarta ingin dipimpin gubernur baru emang iya ;Non_HS
paslon selalu nyerang paslon ni ;Non_HS
rt upaya aniessandi untuk mendukung perempuan menjadi pelaku ukm ;Non_HS
salah satu indikator meningkatnya kualitas hidup warga jkt adl terus bisa tersenyum seperti pak djarot malam ini;Non_HS
tontonan yg wajib ditunggu sehabis ;Non_HS
rt pak ahok penyandang disabilitas bukan hanya mereka suatu saat kita juga bisa jadi ;Non_HS
rt saat jeda ahok dan djarot sapa ganjar pranowo dari atas panggung;Non_HS
 sayang hyung cuma pencitraan wkwk;Non_HS
 msh inget sm ibu penjual kue di balaikota cm pak ahok yg tau klo si ibu sakit ibu itu langsung diurus ke rs ini bukan pencitraan;Non_HS
biar jajan naik sejuta ;Non_HS
bio gw belum diganti astagfirullah rusak pencitraan cewe cantik;Non_HS
 ya ampun udh closing statement msh aja commentnya ky gitu ya;Non_HS
hah uda closing statement cepet bener ;Non_HS
rt kali ini kerenbiasanya ada sesi tanyajawab kali ini ada sesi curhat;Non_HS
ketiga paslon gagal menjawab pertanyaan yang jawabannya harus memuji kebaikan paslon lain;Non_HS
mari berjuang bersama sbyudhoyono utk memenangkan di ;Non_HS
jikapun aparatur bisa dibeli kyai dan santri oplosan dibeli masih ada yng asli siap melawan ketidakadilan ;Non_HS
pasangan mana yang unggul dalam debat kandidat gubernurwagub dki jakarta malam ini;Non_HS
keberagaman itu datang dr hati terdalam bukan dr pencitraan ;Non_HS
membangun bangsa dan negara ini engga cukup dengan metoda pencitraan saja tanpa teruji lewat rekam jejak dan integritas tokohnya;Non_HS
rt bersikap baik dan menjaga prilaku di depan umum bukan berarti pencitraan bukan pula menjadi orang lain;Non_HS
rt saat jujur ada yg curiga saat berbuat baik ada yg menuduh pencitraan saat bahagia ada yg iri abaikan;Non_HS
umat islam yg peduli agama mrk tentu tdk akan tergoda dg trik konyol seperti ini inshaallah umat islam sdh sadar ;Non_HS
 nanies baswedan tak lagi memiliki integritas dan kredibilitas sebagai seorang pemimpin ;Non_HS
 apakah perlu semua berita ahok harus menggunakan penista agama misalnya penista agama sedang kampanye di jakarta pusat;Non_HS
 apakah tidak sadis jika semua berita tentang ahok judulnya diawali degan terdakwa penista agama bukan menggunakan nama;Non_HS
 kemarin kan ada berita tentang penyakit mengingitis dari babi mksd gw apa nyambungnya sama ahok;Non_HS
 artis korea bisa world tour ahmad dhani bisa ;Non_HS
 ahok di jakarta daging babi di bali apa hubungan nya ya;Non_HS
ahmad dhani bangkrut ditagih utang melalui video mantan istrinya jadi janda kaya raya hampir setahun berlalu ;Non_HS
ahmad dhani sentil ahok eh sandiaga uno cengar cengir melalui ;Non_HS
hehhee makanya jangan mengagumi sesorng berlebihan kecuali kepada rasulullah ;Non_HS
 acara uda abis menurut kalian debat sapa yang betulbetul memaparkan prog dan solusi;Non_HS
mereka koruptor meletakkan kitab suci ditempat paling rendahtapi masih sok jadi pemilik kapling surga ;Non_HS
rt woww dukungan rakyat palestina ke ahok yg dituduhsbg penista agama mrk mengelukan ahok ahok is the best ;Non_HS
pencitraan di socmed itu bolehboleh aja tapi harus bisa tanggung jawab sama citra yang udh dibikin jangan sampe jadi malumaluin kasian;Non_HS
rt kasus kicauan ahmad dhani dilimpahkan ke polres metro jakarta selatan ;Non_HS
rt komplit bgt yaaaa heran nya msh aja yg percaya dan idolain dia ;Non_HS
rt bagaimana keadilan bisa tercipta jika si penista agama belum di vonis penjaran ;Non_HS
rt bro kalau yg dimaksud fatwa penista agama mui gak pernah mengeluarkan fatwa ;Non_HS
rt sidang hari ini makin menguatkan bahwa ahok bukan penista agama ada yang bisa bantah n;Non_HS
sebut ahok bukan akademisi ahmad dhani secara intelektual lebih intelek bang anies ;Non_HS
yg melakukan penista agama sesungguhnya agama yg suci digunakan alat untuk mengejar jabatan kekuasaan ;Non_HS
kalah di pilkada bekasi ahmad dhani jadi juru kampanye pasangan aniessandi ;Non_HS
 bravo closing statement anies malam inikalau nggak ada debat saya nggak mungkin nonton mata najwa sdh lama tdk suka;Non_HS
 jawaban terakhir anis jadi bikin ingat jawaban dia pas debat kemarin jawaban anda menarik tapi tidak nyambung;Non_HS
 buzzer ahok lagi kerja keras nihayo kerja tar gajian ga turun;Non_HS
 kerendahan hati dan lawan kerendahan hati kelihatan banget;Non_HS
 kok gaya pak kayak sby ya;Non_HS
 kenyataannya si anis nyaman bgt dgn isu sara kok kan nguntungin anis pura sok bijak pdhl menikmati isu sara ;Non_HS
 nyesel liat debat tidak bermutu cuma bisa mencela;Non_HS
 saya tdk rela punya gub seorg anies dan sy percaya ahok akan menang salam jari;Non_HS
 ahoker panas dingin ahok kalah debat sama anis ;Non_HS
ada yg tahu ga backsound penutup mata najwa ini siapa musisinya dan apa judulnya ;Non_HS
 p ahok apapun hanya utk rakyat p anies tkt dicurangi ngerti bedanya;Non_HS
 mantapppp mata najwa diskusi lebih hidup dan mendidik jauh berkualitas di banding debat yg selenggarakan kpu;Non_HS
 mbak najwaayo ketengah lagi sedikitjgn terlihat ke kiri dgn meminta terus pak anies cpt menyelesaikan kalimatnya;Non_HS
dan soal soal ributribut pribumi vs non pribumi yang ramai di beranda saya itu sebenarnya maksudnya apa ikut;Non_HS
sedih liat pak anies saat ini tokoh yang dulu saya kagumi kenapa jadi seperti ini ;Non_HS
awal sp akhir bisanya cm serang pribadi gak ada program yg perlu dibanggakan ;Non_HS
gimana nih om pasti ikut gedeg juga kan dengerin retorika ga ada wawasan tapi gimana udah terlanjur ya ;Non_HS
haduhhhh pak anies terus pendukung anda yang didatengin ke jakarta itu dari mana pak dari luar jakarta kan ;Non_HS
haha anies pendemo dr jawa barat kok ga ngomen takut kalah ya haha ;Non_HS
 pak uno habis m istrinya ga marah ya pak saya mo beli sepatu rb aja istri saya marah pak;Non_HS
 jangan suka menyerang ini bukan perang mengapa ingin ibadah harus menyerang orang;Non_HS
 paslon serang terus dengan membawa hal yg biasa menyerang tp paslon tenang menjawabnya;Non_HS
aahhh akuh sedih akuh org depok ternyata ngga boleh ke jakarta pak manies jahattttt ;Non_HS
 saludd utk mata najwa berbobot sekali perdebatan malam ini;Non_HS
jadilah orang yang bertanggung jawab atas segala tindakan anda dengan demikian anda akan menuai hal yang positif ;Non_HS
menurut anda apakah dugaan penistaan agama dgn terdakwa murni isyu pilkada dki jakarta atau murni demi islam;Non_HS
semua kejujuran akan mendapatkan pahala dari surga sabar ya pak basuki ;Non_HS
jadilah orang yang bertanggung jawab atas segala tindakan anda dengan demikian anda akan menuai hal yang positif ;Non_HS
 terima kasih telah memberikan pendidikan demokrasi pada rakyat indonesia khususnya jakarta;Non_HS
keberagaman itu datang dr hati terdalam bukan dr pencitraan ;Non_HS
membangun bangsa dan negara ini engga cukup dengan metoda pencitraan saja tanpa teruji lewat rekam jejak dan integritas tokohnya;Non_HS
jangan ada keberpihakan dalam badan hukum karena itu akan merusak demokrasi ;Non_HS
jika lo bisa menceritakan kembali kalimat yg dilontarkan anies di dgn bahasa lo sendiri lo luar biasa ;Non_HS
kalau liat sosmed pak ahok menang telak namun sayang hanya katakata manis lah yg diserap bbrp warga kecil ;Non_HS
seharusnya mah basuki sudah bebas ya kan ;Non_HS
kenapa debat ini ahok makin keliatan diatas angin ya kliatan dia sangat menguasai problem solusi tata kelola jakarta;Non_HS
kalau lihat ahok itu kayak lihat power rangers merah;Non_HS
kesimpulan ahok spt biasa fokus detail ke program anies terlalu fokus menjatuhkan lawan ;Non_HS
pertunjukan yang sangat membuat saya serius dan gak mau diganggu selamat untuk pak buat gagasan nya ;Non_HS
jangan berpihakmelayani rakyat dengan sepenuh hatituhan yang memberi kekuasaan tuhan yang mengambilahok;Non_HS
pak ahok jangan blunder dong pakdari tadi udah bagus pertanyaannya komitmen menerima hasil kontestasi ;Non_HS
jangan ada keberpihakan dalam badan hukum karena itu akan merusak demokrasi ;Non_HS
jika lo bisa menceritakan kembali kalimat yg dilontarkan anies di dgn bahasa lo sendiri lo luar biasa ;Non_HS
kenapa debat ini ahok makin keliatan diatas angin ya kliatan dia sangat menguasai problem solusi tata kelola jakarta;Non_HS
kiranya jakarta semakin baik selamat berjuang buat pak ahok dan pak anies ;Non_HS
masihkah ahoker debat soal program jlebb ko kena uppercut anies soal kjp pergubnya blm di rubah ;Non_HS
rt semua penganut agama harus dapet hak yang sama ahok ;Non_HS
aku heran kenapa ilklan kampanye yg terbaru itu begitu ini aku loh yang bingung bkn akuangasiang atau aming ;Non_HS
abis nyoblos streaming video perkembangan pilkada pake dari kuota ga habis deh;Non_HS
muslim sedang diuji di negara yg mayoritas islamsemoga kita smua bisa bersabar dan menahan utk tidak berbicara kasar sbg balasan;Non_HS
kiranya jakarta semakin baik selamat berjuang buat pak ahok dan pak anies ;Non_HS
rt pak anies inget apa yg kau tabur itu yang akan kau tuai nanti jadi takut sendiri ;Non_HS
rt bagaimana metode penarikan sampel hitung cepat yg dilakukan litbang kompas dlm pilkada dki jakarta simak disini;Non_HS
mnding diem aja pak semua pergerakanmu pasti disalahkan klo wktunya menang ntar jga menang ;Non_HS
rt perbincangan menarik di quick count pilkada bersama ;Non_HS
bersyukur menutup kampanye hari ini dengan berdoa agar pilkada dki jakarta pada februari berjalan dengan lancar;Non_HS
julia perez kecewa gagal nyoblos pilkada dki di tps rscm ;Non_HS
disediakan ambulans untuk pasien mencoblos pada pilkada dki ;Non_HS
rt saya bertanya apakah saya memang tak boleh ikut pilkada apakah saya kehilangan hak saya yg dijamin konstitusi;Non_HS
ya allah anis dan sandi bakal jadi gubernur dki jakarta terpilih di tahun ini;Non_HS
domisili gue di jakpus belabelain ke tps yg berlokasi di jakbar dgn bermodal ektp buat ikutan pilkada ;Non_HS
rt presiden menggunakan hak suaranya untuk pilkada dki jakarta di tps gambir jakarta pusat ;Non_HS
rt agree pak kekuasaan itu tuhan yang kasih walau dijatuhkan tuhan akan menaikkan ;Non_HS
rt akibat nila setitik rusak susu sebelangga akibat mulut oknum tak terdidik rusak juga persatuan bangsa ;Non_HS
mudahmudahan novel baswedan tidak alami kebutaan pada matanya kalau sampai buta saya siap mendonorkan mata saya untuk dia;Non_HS
mengapa mereka melakukan ini apakah bisa merubah keadaan bagi para pemilih nanti ;Non_HS
rt siapa yg salah ahok iklannya bukan yang perlu diprotes adalah orang yg benar pake spanduk itu ;Non_HS
sampe sekarang gue blm ngerti dp rumah itu gmn skemanya trs emg ada ya perbankan yg mau ngasih kredit rumah gak pakai dp ;Non_HS
 bagi anies gubernur adalah pemimpin bukan administratur pelayan masyarkt padahal melayani mencerminkan integritas;Non_HS
kalimat penutup anies ambisius ahok minta maaf karakter tidak bisa bohong ;Non_HS
pertunjukan yang sangat membuat saya serius dan gak mau diganggu selamat untuk pak buat gagasan nya ;Non_HS
rt kami tdk akan terprovokasi dgn sentimen dan jualan sara mu itu karena kami cinta indonesia ;Non_HS
semakin umat di suguhkan maka akan semakin terlihat siapa yang menebar kebencian terhadap kerukunan antar umat beragama;Non_HS
hampir semua polling anies sandi yang menang semoga hari h nya juga demikian ;Non_HS
rt yg iklankan kampanye ahox adalah yg sama sebarin spanduk syariah dan brosur black campaign ;Non_HS
oke oce akan menjadi brand dimana semuanya menjadi oke oce bahkan nanti ada kampung oke oce ;Non_HS
rt sungguh sgt mengherankan mengkampanyekan kebhinekaan tp dengan menyebarkan islamophobia kebhinekaan yg mana yg dimaksud;Non_HS
debat final pilkada dki jakarta siapa yang gagap dan siapa yang tepat menjawab adjat sudradjat;Non_HS
jika persoalan pemimpin hanya dikaitkan dengan lisan maka apa bedanya gubernur dengan anakanak ;Non_HS
cerita djarot ini diharapkan membuat para pendukung tetap berdamai ;Non_HS
cuman mau bilang sama yang serius banget ngetweet pakai hastag gitu aja baper;Non_HS
ira koesno didekati aniessandi lalu marahi pendukung paslon saat debat pilkada dki;Non_HS
alhamdulillah ya allah swt semoga jakarta punya gubernur baru yg lebih bersahaja bersahabat utk semuanya ;Non_HS
jelang larut semalam diskusi dengan aktifis golkar tingkat kelurahan siap bergabung dalam pemenangan ;Non_HS
rt sosok anies sandi harus diakui sgt mengayomi sangat kompeten utk membangun kerukukan kebhinekaan di jakarta;Non_HS
rt ngomong manis memang gampang giliran kerja bingung ;Non_HS
 april adalah saat yang penting bagi warga jakarta untuk menentukan masa depan ibukota;Non_HS
rt terimakasih pak anies pemaparantentang dp memberi solusi bagi warga jakarta yang ingin punya rumah dan tidak nyewa terus;Non_HS
yang aku perhatikan tim mas sibuk ngoceh tentang dan programnya kenapa gak ngurus diri sendiri;Non_HS
kalo pilih gubernur yg jujur kerja nyataanti korupsitegaspintermlyani rakyat iklas peduli pilih ahok djarot;Non_HS
rt bisa merangkul dan menegakkan hukum kepemimpinan itu hadir dengan memberikan contoh perbuatan ;Non_HS
hasil kerja ahok djarot sungai di jakarta kembali normal bersih dan enak dipandang;Non_HS
ahok anies sama baiknya kok sama bagusnya sama okenya siapa yg kepilih yg menang tetap rakyat jakarta;Non_HS
semoga pak basuki bisa jadi presidenagar indonesia lebih maju;Non_HS
allah swt tdk butuh anda tapi anda yang butuh allahrezeki hidup matimu allah yg tentukan mau khianati allah yakin gak nyesel ;Non_HS
 dilanjutkan dengan rekaman yang memuat kampanye ahok di dpp nasdem dan juga pulau seribu ;Non_HS
rt ahok harus bebas demi hukum demi keadilan demi kelanjutan perbaikan dki semoga hakim mmpunyai sense of justice;Non_HS
pembangkit listrik tenaga panas bumi terbesar dunia ;Non_HS
rt dan toleransi itu ketika muslim bisa menjalankan perintah agamanya dan non muslim juga bisa menjalankan agamanya;Non_HS
rt walaupun artinya teman setia seharusnya lebih dihindari kalau jd pemimpin;Non_HS
semua kejujuran akan mendapatkan pahala dr surga ;Non_HS
seharusnya mah basuki sudah bebas ya kan ;Non_HS
rt itu sidang apa drama korea sampe kali lagi menunggu sidang ahok season nih kayaknya goblin mah kalah pamornya;Non_HS
menurut anda transportasi online manakah dikatakan tarif murah aman nyaman melayani ;Non_HS
nelayan jakarta sudah disiapin pulau khusus oleh pemda dki ;Non_HS
adakah potensi radikalisme di pilgub dki jakarta ;Non_HS
rt siaran ulang malam ini saksikan yuk di ;Non_HS
cuma org yg salah saja yg takut dgn doa ituanda salah kenapa takut bertobatlah sebelum doa itu dinyatakan;Non_HS
selamat pagi met aktifitas happy weekend semoga kita jadi orang jujur biar hidup slalu mujur aamiin ;Non_HS
ahok dituntut tahun penjara kemungkinan akan divonis bebas masalahnya warga dki terlanjur kehilangan pemimpin terbaik ;Non_HS
alhamdulillah tuntutan jaksa hanya tahun masa percobaan tahun yg artinya sbnrnya jaksa mengakui kalo ahok itu tak bersalah ;Non_HS
kalah atau menang terimakasih krn banyak ngasih pelajaran bagaimana kerja keras utk rakyat dgn bersih;Non_HS
pilkada serentak megawati hanya minta jangan ada intimidasi dan politik uang ;Non_HS
 saat aniessandiaga minta doa ustaz untuk debat pilkada ;Non_HS
jangan pernah lelah mengabdi untuk indonesia pak ;Non_HS
 jika menang anies siap rangkul paslon lain jika menang dalam kontestasi pilkada ;Non_HS
 tnipolri bersinergi jaga keamanan jelang pilkada dki tni dan polri terus bersin ;Non_HS
 bismillah inshaa allah agus sylvi menang pilkada dki putaran dan jadi pemimpin yg amanah dan mencintai rakyat jakarta;Non_HS
trima kasih pak uda bikin jakarta lebih baik selama bapak menjabat;Non_HS
 sikap yang jelas dan tegas demi ketertiban dan keamanan ibu kota negara menjelang pilkada dki jakarta;Non_HS
rencana tuhan lebih baik dari rencana manusia mungkin ahok bs bekerja kebih baik di posisi lain;Non_HS
walau kalah tp aku tetap merasa terhormat mendukung badja ;Non_HS
basuki tp ahok wawancara informal dengan wartawan balaikota ;Non_HS
terimakasih pak ahok karena kita memang siap kalah dan selamat buat gubernur baru;Non_HS
lucu yuk melihat ahok promosikan musik dangdut kepada tamu mancanegara;Non_HS
minggu tenang pilkada ahok fokus kerja di balai kota peresmianperesmian rptra csr ditunda;Non_HS
mantab ahok dan pemprov dki jakarta terjunkan alat berat untuk keruk sampah di waduk pluit;Non_HS
pagi ini polrestro bekasi gelar pasukan pilkada ;Non_HS
pak saya hanya bantu menyampaikan sbg orang di sekitar pak ahok bisa menyampaikan ke beliau ;Non_HS
pak ahok kalau anda jadi gubernur jangan lupa anda harus bangun provinsi jambi buat lahan petani semua dan jln kreta api jambi riau lampung;Non_HS
partai nasdem optimis menang di pilkada serentak ;Non_HS
biar kalah tetap bangga sabar n iklas menerima nya masih bnyak jabatan lain untuk pak ahok ;Non_HS
sabar n iklas ya pak apa pun hasil nya kita tetap dukung di mna punjabatn apa pun yg bpk emban nanti ;Non_HS
wlaupun kita tak kenalsaya yakini slama ini kamu tlah bkerja kras tuk sebuah nilai yg diperjuangkan;Non_HS
rt kita mgk bs mendukung dia dlm hal kejujuran dan niat baik utk melayani warga tapi gantiin dia dlm hal pekerjaan;Non_HS
puluhan personel brimob nunukan diberangkatkan amankan pilkada di dua provinsi;Non_HS
 sing sabar pak simpen energi bapak untuk bagian lain indonesia gusti allah mboten sare pak;Non_HS
karena saya memilih dengan sehat maka saya kompensasikan dengan sarapan pagi yang uhm secara umum gak sehat impas;Non_HS
rt mahfud md heran uu pemda sangat jelas tapi mendagri keukeuh pertahankan ahok;Non_HS
rt tuips ibu sinta nuriyah tidak pernah mengeluarkan pernyataan terkait pilkada dki;Non_HS
rt lebih tambah jatuh hati deh jadinya tak bisa berpaling ke pilihan yg lain tetap ke pak ahok djarotlah yg terbaik;Non_HS
rt yoi yang jelas pemenagnya itu hanya satu pasang calon buka dua apa lagi tiga dan memiliki peluang yg sama;Non_HS
rt aksi tampaknya akan diubah jadi zikir pilkada sejauh yg saya tahu zikir adalah ibadah dekatkan diri ke allah;Non_HS
rt janganlah karena pilkada dan kepentingan politik sesaat persahabatan dan persaudaraan kita terputus kita adalah saudara;Non_HS
rt pilkada di beltim di kampung sendiri ahok hanya suara di babel kalah telak pilkada di dki paling cuma suara;Non_HS
rt ya allah beneran pak ahok akhirnya samperin si emak;Non_HS
terimakasih pak untuk tahunnya tahun sbg wakil gubernur tahun sbg gubernur;Non_HS
rt kesimpulannya tuips mari kita menangkan agus sylvi satu putaran gak perlu pakai putaran segala cuma habiskan waktu;Non_HS
dan selamat atas kemenangannya untuk bapak anies sandi semoga jakarta bisa bersatu lagi;Non_HS
bangga masih memiliki putra bangsa seperti pak basuki dan pak jarot;Non_HS
tementemen apapun pilihannya masih ada kehidupan setelah pilkada mari saling merangkul saatnya jakarta maju dan bahagia bersama;Non_HS
selamat atas status barunya pak semangat ya pak semoga semua sesuai dengan janjinya;Non_HS
pak ahok tetep semangat yaaa saya akan selalu menghargai kerja keras bapak dan saya ucapkan selamat atas kemenangan paslon nomor yaitu ;Non_HS
terima kasih pak ahok pak djarot kami bangga perna di pimpin sama bapak berduatetap semangatsukses terus pak;Non_HS
terima kasih pak ahokdjarot telah bersama kami beberapa tahun ini;Non_HS
rt sumarsono gaya pak ahok yg kerja keras patut dicontoh dan itu bagus;Non_HS
rt klo semua mau jujur dan pake hati nurani ahok adlh yg terbaik buat jakarta gubernur yg jujur dan benar perhatian pd warga;Non_HS
pak ahok the best aku salut sama pak orang nya sabar dengan cobaan dari tuhan pak ahok is the best;Non_HS
rt makasih pak ahok sudah ajarkan kami makna peduli sama rakyat andai di masa depan saya dpt kesempatan;Non_HS
rt hadeuuuh kenapa jadi gaduh gini pilkada dki ya padahal pilkada serentak lalu aman aman saja;Non_HS
rt masyarakat transportasi jakarta dukung ahokdjarot ;Non_HS
saya sudah tidak tertarik melihat debat pilkada dki namun ada yang menarik salah satu cagub sering mengepalkan tangan pada saat menjelas;Non_HS
semangat terus maju terus di dalam tuhan god bless you more and forever bpk ahok dan family;Non_HS
selamat bertugas pak anis semoga jakarta menjadi lebih baik lagi;Non_HS
 selamat ya pak kami tunggu program terealisasi jangan kecewakan jakarta;Non_HS
saya selalu mendoakan yg terbaik untk bapak dan bapak juga mendapatkan banyak ucapan dari saudara di gaza palestina;Non_HS
selamat untk bpk atas kemenangannya semoga allah memberkahi disetiap langkah yg bapak ambil aminnn salamjari;Non_HS
rt mereka telah siap berikan yang terbaik di ajang debat terbuka;Non_HS
pak anies dan pak selamat ya sudah terpilih jd gubernur dan wagub jakarta;Non_HS
rt kejahatan perbankan yg di spin oleh tim ahy untuk kepentingan pilkada;Non_HS
rt agussylvi diprediksi maju di putaran kedua pilkada dki versi survey grp;Non_HS
rt alhamdulillah sambutan antusias warga di tiap blusukan pak ahok selalu real ngga ada settingan;Non_HS
sampai detik ini pak ahok masih harapan terbesar saya ;Non_HS
tuhan punya rencana yg indah buat pak ahok dan pak djarot;Non_HS
selamat dan terima kasih banyak untuk pak ahok dan pak djarot yg sudah menunjukan bahwa negara ini masih punya orang baik;Non_HS
terima kasih pak atas segala kebaikan untuk jakarta yang sudah kalian tancapkan di hati warga jakarta;Non_HS
pasti bapak anies sandi kemungkinan besar menang;Non_HS
terima kasih kepada pendukung kami percayalah tuhan tahu yang terbaik ;Non_HS
gubernur dan wakil gubernur terbaik yang pernah jakarta miliki;Non_HS
rt jelang akhir masa tugas plt gubernur dki akui kinerja ahok ;Non_HS
rt pendukung yang telah dibaiat tapi tak pilih agussylvi akan terima risikonya;Non_HS
mutiara tetap mutiara pak ahok djarot tuhan pny rencana yg lebih dahsyat utk bapak ber utk indonesia maju terus;Non_HS
tuhan percayakan hal yang lebih besar lagi kepada pak ahok selain hanya menjadi gubernur dki jakarta;Non_HS
i love you pak ahokaku hanya bisa berdoa semoga tuhan memberkati salam jari untuk pa ahok i love you;Non_HS
survei terbaru aniessandi melejit jauh tinggalkan ahokdjarot ;Non_HS
aku akui pak ahok itu tangguh sekali dan apa adanya;Non_HS
saya selalu mendukung dan berdoa untukmu ahokdjarot terimakasih;Non_HS
meski badj tak lagi menjadi pelayan rakyatkami selalu berdoa terbaik buat badja kami bangga pernah memiliki kalian;Non_HS
mudahhan pak ahok jadi nomor satu di indonesia;Non_HS
tps paslon pilkada dki akan dijaga ketat;Non_HS
saya bukan penduduk jakarta tapi saya kagum pada sosok ahok dan jarotallah memang punya rencana lainselamat pada beliau;Non_HS
pak anies tolong bongkar lagi masjid yg di bangun pak ahok di daan mogot;Non_HS
yang blm pada move on mending bsk piknik aja mumpung long weekend hehehe;Non_HS
semoga bapak bisa meneladani sosok bang yos gubernur jakarta yang sangat cinta ;Non_HS
pemimpin yg baik pemimpin yg mengerti akan jiwa pemuda lanjutkan pak ;Non_HS
kami disini mendulungmu untuk jakarta yg maju bukan hanya ekonomi nya tapi juga prestasi sepakbola nya;Non_HS
negara kita negara bhineka tunggal ika jadi ga liat pemimpin dengan agama ras budaya;Non_HS
pak kami disini mendulungmu untuk jakarta yg maju bukan hanya ekonomi nya tapi juga prestasi sepakbola nya;Non_HS
gw yakin suatu saat pasti pak akan ada patungnya sebagai tanda jasa entah itu di indo atau di madame tussaud;Non_HS
doa itu sebaiknya yg baik karena tuhan juga baik klo doa jelek jahat akan berbalik ke diri yg mendoakan loh;Non_HS
 jakarta tidak butuh kalian lagi tapi indonesia menunggu untuk pengabdian kalian;Non_HS
artikel saya untuk mas dari reklamasi penggusuran dp rupiah oke oce hingga figur pemersatu;Non_HS
 karena terbukti dan teruji dari segi kerjanyaahok untuk dki jakarta lebih baik kemudian ;Non_HS
ga tinggal di jakarta sih tp rumah ngotot banget dukung pak ;Non_HS
semangat pilkada untukmu pilihanmu dan untukku pilihanku ;Non_HS
tapi perbedaan vital di reklamasi sama perumahan justru gak bisa berkutik sama sekali;Non_HS
sabar dulu jgn tergesa nagih beliau belum dilantik baru bulan oktober nanti;Non_HS
pak knpa ngga mampir dulu ke tempat saya orangtua saya ngefans bgt;Non_HS
semoga lebih maju dengan adanya gubernur era baru;Non_HS
tetap di masyarakat jakarta dan selalu membuat jakarta lebih baikdan hasilnya pun sudah terbukti;Non_HS
saya sebagai masyarakat jakarta salut terhadap kepemimpinan pak ahok;Non_HS
semua sayang ahok saya berharap ahok bisa jadi presiden selanjutnya bersama pak jokowi;Non_HS
bukan lagi milik jakarta lagi ahok tapi milik kita untuk membangun jakarta lebih baik;Non_HS
pak ahok jadi cagub di bekasi aja ya pak bekasi mau dipimpin orang seperti bapak biar ada perubahan lebih baik ;Non_HS
kekalahan ahok adalah kemunduran peradaban di indonesia selamat datang radikalisme akal sehat sudah tidak ada dinegara ini;Non_HS
semangat pak ahok bapak sudah berjuang sekuat tenaga dan sudah berusaha melakukan yang terbaik terima kasih pak;Non_HS
terima kasih pak sudah mengabdi dijakarta dengan segudang permintaan warga;Non_HS
mungkin ada kata kata yang menyakitkan ya pak tapi semoga itu menjadi semangat untuk bapak kedepannya;Non_HS
walaupun bapak tidak menang tapi saya menikmati kerja keras bapak selama menjabat terima kasih untuk bapak ahok;Non_HS
miris ya pak ahoksukses slalu buat my idola pak ahok;Non_HS
gue lebih suka ahok bantuin jokowi ngurusin indonesia agar lebih cepet maju bukan hanya jakarta;Non_HS
pak kok saya pngn peluk bapak sambil bilang pak tetap semangat ya saya selalu mendoakan yg terbaik untuk bapak;Non_HS
aya bukan warga jakarta tp saya sering ke jakartasaya bangga jakarta pernah di pegang bapak jadi rapih pak sekarang;Non_HS
maka seyogyanya pilihanku karna terlihat pencerahan pd sistem birokrasi;Non_HS
pak ahok tetap menjadi gubenur dihatiku ;Non_HS
dari lahir di jakarta sampe detik ini baru gue liat kali pintu air manggarai bersih dari sampah ya pas jaman jokowi sampe ahok ;Non_HS
gpp kalah mungkin belom rejekinya ya pak bagi kami bapak tetap pemimpin yang jujur tetap berkarya nyata;Non_HS
selama tahun tinggal di jakarta baru tahun terakhir benarbenar terasa perubahan dan sadar kalau itu akitbat gubernurnya;Non_HS
aku cinta pak ahok terimakasih ya pak atas jasajasa dan kerja nyatanya selama tahun terakhir;Non_HS
tetap semangat pak ahok terimakasih atas semua yg anda berikan untuk jakarta sukses selalu buat pak ahok;Non_HS
pak ahok kita tetap mendukung apapun yang terjadi;Non_HS
terima kasih banyak buat kinerja keras dari pak ahok dan team selama memimpin dki jakarta tetap semangat selalu pak god bless bapak family;Non_HS
bapak ahok sosok yang saya banggakan terimakasih pak sudah merubah jakarta;Non_HS
semoga pak ahok selalu dlm lindungan tuhan saya sayang sama pak ahok pak ahok orang baik;Non_HS
terima kasih pak basuki sampai kapan pun sejarah akan mencatat bapak membawa perubahan bagi kami warga jakarta;Non_HS
lanjutkan perjuangan pak bapak orang baik pasti ditempatkan di tempat yg lebih baik juga;Non_HS
kau lah yang terhebat karna kau lah kami mendapat inspirasi dan pengalaman yang sangat berharga;Non_HS
buat pak ahok tetap berkarya pak masih ada kesempatan lebih baik di ;Non_HS
pak saya setuju kalo pak jadi gubenur karena kerja pak sangat bagus kerena kerja pak basuki tegas keluarga kami mendukung pak basuki;Non_HS
bapak tetap yg terbaik untuk jakartaterima kasih pak untuk semua yg bapak kerjakan selama ini semoga allah selalu meridhoi bapak dalam setiap langkah bapak;Non_HS
jabatan bukan hal penting yg terpenting bapak tetap orang terhebat di jakarta tentang kerja keras pak ahoksekali lagi terima kasih pak ahok;Non_HS
pak ahokwalau saya bukan warga dkisaya sangat sedih bapak tidak terpilih lg jd gubenur dki;Non_HS
hanya bpk lah gubernur satu satunya yg bisa membawa perubahan di jakartasemangat pak;Non_HS
pak ahok saya mempunyai ibu ibu saya selalu mendoakan pak ahok setiap waktu dan setiap pagi jam ibu saya sebenarnya kecewa dengan hasil pilkada;Non_HS
tapi kalah menang itu biasa kekuasaan ada di tangan tuhan asal bapak ahok tidak menjual iman pak ahok dengan jabatan;Non_HS
terimakasih banyak pak ahok dan djarot untuk kerja tulus dan kerasnya untuk jakarta;Non_HS
media asing menyorot hasil pilkada jakarta;Non_HS
ahok banyak belajar di pilkada dki;Non_HS
ini pelajaran yang dipetik ahok dari pilkada dki;Non_HS
ahok lupakan semua masalah kampanye dan pilkada;Non_HS
presiden percaya pilkada dki hasilkan pemimpin terbaik;Non_HS
kapolri pastikan pilkada dki berjalan lancar dan sejuk;Non_HS
pengamat pilkada dki panas karena parpol sulit disiplinkan massa;Non_HS
parpol pendukung ahokdjarot komitmen jaga pilkada damai;Non_HS
amankan pilkada dki polisi terapkan dua sistem pengamanan;Non_HS
tiga instansi keluarkan maklumat larangan mobilisasi massa di pilkada dki;Non_HS
ternyata baju yang dipakai ahok di debat pilkada yg saya tonton melalui metro tv sama dengan yang di tv one barusan saya cek;Non_HS
sebagai warga negara yang baik lo wajib ikut mensukseskan pilkada jakarta temukan performa berbeda debat pilkada pukul ;Non_HS
debat terakhir menentukan elektabilitas di pilkada dki putaran kedua;Non_HS
terima kasih bapak ahok dengan jasa bapak selalu membangun jakarta lebih baik lagi;Non_HS
salut banget sm pak ahok benar berjiwa kesatria langsung mengucapkan selamat ke pasangan anis dan sandi;Non_HS
keluarga sudah ke menggunakan hak pilihnya pagi ini jangan lupa bagi warga jakarta untuk datang ke tps sebelum jam siang;Non_HS
terima kasih telah membuat jakarta menjadi lebih baik pak tetap semangat;Non_HS
pada akhirnya orang jahat akan jatuh dan orang baik akan dibangkitkan;Non_HS
meski dijatuhkan berkali tuhan akan selalu mengangkat yg benar;Non_HS
rencana bapak yang di surga itu lebih indah yangg kita inginkan bapak ahok tetap semangat ya pak;Non_HS
pak basuki dan pak djarot tetap kuat didalam iman dan pengharapan;Non_HS
yakin bahwa ini bukan jalan yang terbaik untuk anda dari hanya sekedar gubernur dan wakil gubernur dki;Non_HS
masyarakat indonesia khusus dki melihat pemimpin itu bukan dilihat hasil kerjanya;Non_HS
kami sebagai rakyat indonesia yang bukan berasal dari dki turut mendoakan semoga pak basuki dan pak djarot tidak pernah lelah melayani kami dan tetap terus semangat;Non_HS
jangan padam untuk kemanusiaan ya pak saya mengenang semua hal manis yg telah bapak perjuangkan;Non_HS
saya doakan pak ahok dan tamengnya tidak kejang;Non_HS
tetap semangat pak ahok aku selalu dukung pak ahok djarot;Non_HS
pemenang debat pilkada dki malam ini adalah ira koesno;Non_HS
selamat buat pasangan no aniessandi pemenang versi quick count terima kasih buat ahokdjarot atas kerja luar biasa untuk jakarta;Non_HS
semangat pak ahok walaupun saya warga bandung tapi saya yakin pak ahok yg jadi juara;Non_HS
yg jelas kerja keras pasti dan jujur tetap pak ahok;Non_HS
maaf pak saya tidak bisa ikutan nyoblos ktp saya jakarta tapi saya skrg tinggal bandung saya hanya bisa berdoa;Non_HS
semoga ahokdjarot bisa terus melanjutkan visi misi nya untuk membangun kota jakarta agar lebih rapih bersih dan nyaman;Non_HS
dalam nama tuhan untuk jakarta yg lebih baik;Non_HS
semagat buat pak anies semoga selalu dalam rahmat tuhan yme;Non_HS
semua warga dki gunakan hak pilihmujangan takut kita smua warga yg punya hak dan sehat lahir batin;Non_HS
semoga tuhan memberikan seluruh masyarakat dki jakarta keadilan sesuai pemimpin yg benar demi rakyat amin;Non_HS
eks pendukung agussylvi di jakarta timur deklarasikan dukungan untuk ahokdjarot;Non_HS
ini pasti salah jokowi ahok dan kafirkafir ateis ;HS
 biar aja biar tai nya kena bapak lo itu ya loh tuh kan gak suka sm ahok jadi biar loh sm bpk loh sm ibu loh kena tai nya;HS
rt angin memporakporandakan basis pemenangan si penista agamacililitannya alloh ampuni kamin;HS
rt prestasi ahok nselain mjadi mafia koruptor n penista agama dirinya bhasil tenggelamkan jkt melalui congoran cebon;HS
ulama kompak nyatakan pilih ahok murtad;HS
kau pendikan tinggi tapi bodohgk ada larang bawa agamabiar orang islam yg di bayar ahok sadar gk jadi milih ahok gla;HS
 di tanah abang cina udah mulai resah dan stres gara si penista agama dan pilkada pasar jd sepi sepi sampai minggu lg ha ha;HS
 betul dan semua pihak yg menentang si cina kafir ahok akan di kriminalisasi oleh polisi dgn smua rekayasa hukum nya;HS
 saya ga habis pikir kenapa fanboy ahok bego bego ya pada ga ngerti sejarah gampang kejebak iklan maaf ya;HS
 lebih baik pilih ahok drpd pilih yg se iman tp koruptor dn munafik bodoh kau;HS
ahok si penghina al quran dan ulama ini selalu bersikap menjijikkan yaitu sok suci dan merasa paling benar ;HS
ayo umat islam yg pinter jgn percaya klo aksi tdk ada hubungannya dgn pilkada pihak ahy yg bayar anies yg untung uddude;HS
 mampuuuusssssss mpok silvy;HS
hidup china komunis ;HS
ini tuh kesalahan jokowi dan ahok si babi ateis ;HS
kalo ahok menang pilkada bikin video sex bareng anaknya dong tan ;HS
keluarga besar kami yang berdomisili di jakarta tidak pilih ahok suara ulama bulat ;HS
ketutunan cina dari luar kota dan pulau mulai kejakarta mau coblos ahok dengan ktp aspal dari kamboja;HS
rt china babi china malingn ;HS
rt masih mau memilih agussylvinanaknya sby dan keluarga koruptorn;HS
tangkap ahok dan klompok nya yg melakukan pemalsuan e ktp karna merupakan penghiyanat bagi bangsa dan negara;HS
tangkap ahok sekarang juga share jika setuju ;HS
sayang sekali bangsa ini paling jago kalau merasarasa yg mendukung pak ahok merasa paling benar yg mendukung mas anies merasa paling suci;HS
video ahok menghina agama kristen agama konyol ;HS
bukan hanya penista agama bagi jpu ahok pemecah belah bangsa ;HS
mbak sylviana please anda sehat ;HS
nomor sok tau lagi lansung di skak wkwkwk ;HS
rt ayoo jaga keutuhan nkri tangkap penista agama ;HS
 terlihat salah satu pendukung mafia koruptor dan penista agama para gerombolan banci titot lakukan bidikan ke arah;HS
tobat yuk sebelum terlambat biar gerombolan jil aja yg kita doakan konsisten bela kekafiran hingga akhir hayat ;HS
rt ya allah jika mereka menempuh cara curang utk memenangkan si penista agama engkau kirimkanlah malaikat maut utk menyelesu;HS
kebanyakan fitnah nih mpok silvy ;HS
fpi pendukung ahok kalah jumlah dengan izin allah kita gusur gubernur koruptor dan penista agama ;HS
 pemimpinnya gak punya akhlak yg baik penista agama ;HS
rt tapi twit begini asik lo kita jadi tau yang mana akunakun propenista agama akunakun buzzer yang kerjanya menghujat ;HS
 ahoker siap bela penista agama ;HS
rt sepertinya cucunya dajjal telah hadir;HS
mereka siang malam maki ulama kita nongkrongi medsos ulamanbela penista agama yg sombongnya minta ampun;HS
rt ada apa dengan mayoritas etnis china di dkinmengapa begitu solid mendukung penista agama islamnndendamntidak nasionalis;HS
mukanya mpo silvy asem bangett ngakak kena deh abis jahat sih ;HS
rt gara belain terdakwa penista agama jadi remek semua sukurin;HS
rt sekumpulan teman penista agamantdk ada empati buat korban banjir hanya koar memuji junjunganya ;HS
rt penjarakan penista agama atau turun ;HS
si penista agama jaga mulut aja gabisa apalagi jaga jkt;HS
ahok program paslon no ini programnya ngambang yaiyalah pakkk gak ada program diaa cma ada celaan ;HS
akui saja ahok dan djarot kalian gagal atasi banjirorang kena banjir anda sibuk sidang kasus penista agama;HS
rt iyaa ahog ngak pantes jadi pemimpin pantesnya penista agama dipenjarakan ;HS
rt overdosis membela penista agama ;HS
kaga masuk diakal kite kalo suara seorang penista agama yg dah dikutuk ame umat islam suara nye bisa tinggi emang sengaja ditinggiin tuh;HS
rt pantasan di pecat dr menteridata aj ngawur dan memkasakan betulhahaha ;HS
rt penjarakan ahoax penista agama atau jokowi turun ;HS
napa dibiarin tim si penista agama maen curang maren emang sengaja dibiarin biar ntar digaplok umat islam rame se jakarta tuh penista;HS
hahahahhahaa silvy ohh silvy cacingan amat loe ahhh wkwkwkwkwkk ;HS
rt ahok taik menfitnah emang lu tukang caci maki perempuannn asuuu ;HS
rt fakta di bilang fitnahn;HS
shame on you silvy ga malu fitnah tuh rasain pak ahok panas skak mat ;HS
bu silvi anti pns level rendah katanya ;HS
rt hanya orang islam yang bodoh dan goblok yang memilik ahok ;HS
 fitnah fpi pecah adalah ulah ahoker yg melihat elektabilitas ahok tinggal mereka kelojotan melihat muinumuhammadi;HS
norak banget iklan mantan mendikbud ini tambah gak respech inilah tenun kebangsaan yg dia maksudu ;HS
rt yg nebar kebencian itu ahok mbakmasa mbak gak tau sih sampai dia jadi terdakwa loh ;HS
pertanyaan dari bu sylvi gak mutu amat ;HS
huuu sylvi tak tahu apaapa asal ngoceh ;HS
sylvi keliatan bloonnya ;HS
rt ahoax penista agama kembali mengolok olok surat almaidah cc ;HS
 pemimpinnya gak punya akhlak yg baik penista agama;HS
 mati kau hok;HS
yg ga punya program bisanya cuma fitnah ciri orang yg demen ngambil kjp kontan ;HS
mpok silvi nyinyir melulu pertanyaan nya tapi sayang sesat maklum sih dese emakemak ;HS
rt hahaha jelas buat pilkada dasar polisi made in cina pelindung penista agama;HS
kurangnya pemberdayaan wanita dki jakarta bisa dilihat dari telaknya perbedaan warna muka dan warna tangan mpok sylvi ;HS
agus silvy tukang fitnah ;HS
 yaudah gus sini kalo ga sakit secara fisik daripada verbal gw gebukin lo rame;HS
keluarga kita gak ada yg maling coyy gak perlu trauma kaleeeee emang kluarga ente;HS
jg kaitkan jokowi dengan ahok kata johan budi kata kami sebab jokowi anjing sedangkan ahok babi ya jelas berbeda walaupun otaknya sama;HS
bajingan lu silvy ;HS
hasil akhir menyatakan melindungi ahok terdakwa penista agama ;HS
rt selepas banjir jakarta pendukung ahok mengganti narasi doa semua demi keuntungan sang penista agama;HS
tionghoa katanya kaya kok pada putus sekolah kebanyakan dugem;HS
gusur ahok demi indonesia teladan buruk pembangkangan hukum dan anti kemanusiaan di jakarta jgn tertular ke daerah ;HS
buat ahoker yang takut matinya gg disholatin tenang ada abu janda ust gadungan yg siap sholatin ahoker jokower;HS
mampuuss di tembak dalem banget silvyy lo urusin tuh dapurr gak punya program demennya nyerang terus ;HS
anjir baru kali ini lihat orang bego mau debat pilkada kerjanya nyerang karakter shame on you mpok silvy and agus ;HS
uang taipan tuh nanti dibayar dengan ratusan penggusuran biadab oleh ahok;HS
cina asu ;HS
ketika ngomong sylvi keliatan oke tapi begitu didebat ahok sylvi langsung kekuatan goblok;HS
jangankan banjir tuhan aja dilawan sama ahok tapi jakarta hari ini bukan banjir hanya genangan;HS
ada pemimpim pribumi knp pilih pemimpin impor yg g beradab tukang berbohong yuk pribumikan dki milik bangsa ind ;HS
karna dia ga punya program hanya modal bacot doang;HS
pendukung berarti dia bagian dr penista agama tersebut dukung gerakan ini ;HS
narkoba yg paling berbahaya adalah ilusi kesucian ahok sang penista;HS
 emang ahok siapa orang penting dia hanya penista agama;HS
cina mah duitnya dari hasil maling di indonesia di balikin lgi berkedok invest plus bawa gembel napi dari cina negeri nenek moyang ahok;HS
tangkap ahok skrng juga koruptor reklamasi jakarta dan penista agama islam;HS
keliatan banget bego nya mpok silvy and agus ;HS
yg ahokers klo gak seneng ama cuitan gw silahkan unfollow krn gw anti ahok si penista agama islam;HS
agama di nistakan ulama di lecehkan ini alasannya ;HS
rt cara serang ahok kafir galak;HS
 anjing ahokkaum babi lo bnyk bacotmnding duel sma gw;HS
ahok memang verbalnya keras pelampiasan dan pelarian karena kelelakiannya lunak;HS
yg maling itu kan china babi blbi korupsi nya triliunan termasuk si ahok korupsi triliun;HS
mimpi djan farid jakarta lebih islami dari aceh jika ahok terpilih itu ibarat babi merindukan halal;HS
 ridwal kamil memang hebat dan top nggak kaya ahok tukang penista agama dan koruptor;HS
 itulah si ahok kutil babi;HS
dasar si kutil babi ahok memang tukang bohong selain bohong ahok jg biasa menyalahkan yg lain menutupi kegagalan nya contoh soal banjir;HS
 si terdakwa penista agama alias si ahok babi jamban tuh yang morfotin uang rakyat jakarta;HS
omahoknyamana omkatanya si babi ahok bisa ngatasi banjirombabi jgn membual om;HS
kenapa anak babi jalan nya nundukkarena malu liat ulah bapak nya yang ngebelain ahok;HS
perilaku si babi ini memang benci dgn hal berbau islam cocok dgn ahok ;HS
 ahok si kutil babi kembali ke rumah lembang kenapa jakarta jadi banjir bud;HS
 orang cerdas dan pintar pilih orang imam dan mampu memimpin bisa sholatbisa ngajisantun sopantidak seperti babi kafir ahok;HS
teman ahok emank tai apalagi pemimpinnya kek babi ;HS
mana para babi ahok yg ngejek onta biar di injek ama onta;HS
 bukannya stigma babi itu milik tuhan elu si ahok kafir;HS
kampungan ya pendukung ahy ;HS
 udah lu jgn panik gitu ahok si kutil babi bakal tumbang kok di putaran kedua teruskan cuapcuap mu di sosmed gak ngaruh;HS
ahok tidak layak seperti manusia dia lebih tepat seperti babi yg tidak punya akal pikiran dan jiwa manusiawi;HS
 ahok btp basuki tai babi;HS
rt yg ada cacimaki penista agama tapi ternyata ketauan poligami ngumpet apa mau digituin saya sih ogah;HS
 iya trump memang penista agama atau anti islam emang hubungannya dgn anis apa;HS
 aseng koplo pembela si penista agama yg durjana nyuruh org lain ngaji;HS
 itulah kebodohan para penista agama sudah saatnya pilih pemimpin yg mengerjakan shalat waktu;HS
 pilih anis sandi doongjgn pilih si penista agama pemecah nkri;HS
 emang terdakwa penista agama salahnya dimana coba kl yg biasa bikin hoax metrotipu aman aja tuh dewan peres;HS
 pamor rk jadi seakan tak ada artinya jika parpol pengusungnya pendukung penista agama;HS
 si ahok pantasnya dinobatkan sbgai babi ngepret;HS
 yg salah itu mereka menulis terdakwa penista agamacoba klo ditulis baginda yang mulia pasti ga masalahcuih;HS
faktanya cina parasit tuh ngotot belain si penista agama ;HS
jokowi ratu adil apaan dia ga ada keturunan darah biruadanya darah kotor cina babi ;HS
rt keren nih apps kawal tps yuk gabung buat pastikan cagub terdakwa penista agama lebih cepat diantar kehabitatnya;HS
kalau lo gak tau apaapa ya jangan berkoar sembarangan dong keliatan banget kalau lo itu beneran bego ;HS
 ahmad dhani yang terhormat paling babi paling anjing aing kontol paling lonte tungu saat nya karier mu akan habis;HS
kang fakta hari inipartai pendukung si penista agama sangat dibenci rakyattermasuk rakyat jabar ;HS
plis jangan sok kecantikan selalu pacarin artis yang lagi meletek jijik gw liatnya;HS
paling mau muntah liat lagak nya jadi orang sok iye banget hoek;HS
 kalau boleh saya ngomong ingin saya katakan ahmad dhani monyet babi anjing tapi itu tidak boleh;HS
perempuan kaya lo mending mati aja deh jelek aja gausa sok jadi make up artist;HS
ahmad dhani itu borok sampah babi anjing saya adalah orang pertama yg sangat muak liat muka dhani dan saya berbangga;HS
lah emang sdh jelas si ahok terdakwa penista agama malu woy ;HS
keputusan erka hari ini harus kita hormati begitupun sebaliknya kami tidak akan memilih partai pendukung penista agama;HS
lupakan biarkan karam dg kapal munafiknya kita bangun jabar dg kapal yg bersih delete partai pendukung penista agama dari hati;HS
masalah dunia dan masalah nafsu ya kang kata kok bersayap kayak burung hantu ;HS
penista agama menjadi santri kehormatanyang kasih ini ke ahok otaknya perlu direparasidemi pulkada nama santri yg baik kailan jual belikan;HS
payah banget maju jabar pakai partai nasdem pendukung penista agama ente lagi butuh uang ya kang payah loe;HS
polisi yg jadi imam sholat ini adalah seorang penista agama bodoh berislam cuma ikutan copot kapolres jakbar ;HS
rt itulah kebodohan para penista agama sudah saatnya pilih pemimpin yg mengerjakan shalat waktu;HS
rt gak habis pikirnntinggal nunggu adzab allah nih negeri pemimpinnya sdh dzalim ;HS
sini lu kami enggak mau kampung kami didatangi sama penista agama ;HS
setuju sayaklau ahok dapat gelar santri kehormatan tapi santri kehormatan babi ;HS
senang dong ada yg fans mati sampai lupa kalau dia bego banget ;HS
 lo tuh babi anjing mampus kalah jatuh miskin deh ;HS
 si ahoak cina anjing kafir penista agama islam;HS
 aku katakan anjing kpd ahmad dani bolehaku katakan babi kpd ahmad dhani boleh;HS
 haha memaki untuk melawan mah harus drpd ditindas pemimpin munafik melindungi penista agama dll agama no islam taubat rot;HS
 pikiran anak bani kampret g beda jauh sma penista agama penfitnah penipu dan garong;HS
 itu yg cewe pake kerudung ngapain ya setiap kali konfrensi pers ada aja pencitraan islami kaliiii bwahaha;HS
 spt ahok dulu nasdem disusul dg cs nya yg mendukung paslon penista agama dan tukang caci maki tai tai ;HS
 kalo mecin jangan dijadiin cemilan mangkannya kang jadi begonya bego banget;HS
 cm didoain kalau saya mah ketemu si penista agama langsung saya ceburin laut yg direklamasi ijin sembunyi buat tumbal reklamasi;HS
 cabean bisa nya hanya bbmn facrbookn masalah politik mana tau doi tau nya berita sampah pencitraan;HS
ini manusia apa anjing matimatian rela jadi murtadz demi babi ahok kafir ;HS
ini semua berawal dari ahok jamban yg dibela aparat para kristen serta china kafir yang lain semakin berani menghi ;HS
kami lebih resah anda jd presiden hidup anda penuh drama dan pencitraan main ftv aja joko judulnya ;HS
mana bisa percya lagisdgkan induknya penista smp skrg lum ditahan tp malah dibela ;HS
mari seluruh muslim cyber army mulai skrg ganti semua sebutan ak menjadi terdakwa penista agama ;HS
orang islam lebih suka si hoax penista agama menjaga lisan dan tindakan dari halhal yang merusak hubungan ;HS
rt negeri para korup diasuh cino babi ;HS
rt hajar bleh hanya untuk bela ;HS
rt ada cebong gendheng ngamuk belain si homo penista agama hahaha ;HS
rt tolol itu banyak yg bela penista agama walau sudah tersangka;HS
orang punya saksi anjing dikasus babi tolol ;HS
si ahok kampret emang gak becus kerja pencitraan mlulu tuh si ahok kampret ;HS
sini lu kami enggak mau kampung kami didatangi sama penista agama ;HS
tanda kiamat x yak masih banyak aja orang muslim yg mengingkari alquran dan pilih penista agama ;HS
 sebab ahok sumber kekacauan politik ramaikan aski fight ;HS
 anies anda sadis topengmu terbuka lebar malam ini biar warga dki yg menilaiapa yg anda katakan adalah pengecut;HS
anies congornya aja gede realisasinya gak ada janji terus dari awal bisanya paling korupsi balik jadi dosen aja bangsat;HS
 hebatnya ahok masih mau salaman loh sm pak anies yang amat terhormat idih gw sih ogah;HS
 kalau untuk urusan bacot memang anis nya juaranyamemang kita bakal makan bacot di jakartahahapaslon yg aneh gede bacot doang;HS
 pak anies banyak omdo dulu waktu jd menteri terobosannya apa skrg ngomong ky sok jago bgt;HS
 si cina babi ahok bloon banget sok pinter banget lagi asal bukan ahok;HS
 lucu banget jawaban ahok gak nyambung ditanya apa di jawab apa kena skak mat d pertanyaan isu agama tdi dasar cina tolol hahaha;HS
 topeng anda hari ini fix terbuka anda sama dgn yg mendukung anda bau busuk;HS
 pak anies suka nyinyir suka memutar balik kan fakta ga punya program yg jelas bisanya jelekkan kinerja pak basuki;HS
babi iya memang si ahok gak jauh kayak babi;HS
si tengkuk babi sipit bangke agen dajjal mau jadi onta hahaha orang waras juga tau kasus ahok dipaksakan;HS
itu kan kata ahok kafirumat islam anti ahok karena ahok itu kafr ditambah ahok itu cina yg suka makan babi bir;HS
gw harus bilang babi ahok apa dong selain kafir gw hanya pengen gerombolannya babi ahok merasakan bagaiamana klo di anjingin bangsatin;HS
sibabi china sangat biadab memperlakukan kaum pribumi dan para jongon spt banser nu nusantara mendukung ketimpangan ini biadabnya mrk;HS
ahok kafir takut debat dengan rakyat asli pribumi nelayan dan para pakar reklamasi dari rakyat ahok kafir bencong;HS
nampaknya sudah satu paket penyokong cina babi pasti juga sokong lgbt;HS
kebiadaban ahok cina kafir anak rakyat kecil pribumi dan ibu islam semua digusur dari rumahnya serta kehidupannya;HS
tim ahok yg otak wc otak tumpul justru anies itu sdh komit sekali dgn pancasila ahok kafir sgt tdk bs berpancasila;HS
 pak anies sudah meninggalkan ketenangan dan ketulusannya dalam debat malam ini mjd agitatif dan licik semoga kalah kau anjing;HS
selama proses waspadai ulama kubu ahokyakni ulama munafik yang sesat dan menyesatkan;HS
anies akan merangkul duanya untuk persatuan tidak spt ente dangkal cekak intelektual hanya jadi budak ahok kafir;HS
kebiadaban ahok cina kafir rakyat kecil yg jadi pkl asongan digusur dan dianiaya spt teroris ahok kafir biadab;HS
rt tapi kenyataanya jutaan rakyat kecil asli pribumi yg miskin justru semakin dimiskinkan oleh ahok cina kafir;HS
itulah indonesia yg dibully org yg beneryg salah dan binatang seperti nomor tiga dibiarin berkeliaran pak an ;HS
 smg sipenista agama n ateknya matinya tdk wjar n jasadnya tdk dtrma tnh n dia tdk prnh mrs kn sorgaaamiin semoga tuhan setuju;HS
iyakelasnya penista agamabs nya cm ngebacot doang yg arogan sk blg taik nenek luoh ya sumber waras n nama d kasus e ktp apkabarskakmat;HS
penjarakan semua cina kafir dan ateis termasuk ahok pemimpin babi tukang korupsi;HS
kampanye rasis ngmg nya pihak ahok yg di untungkan goblok kafir mana ada di untungkan kalau pada di perkosa bunuh lu enak berduit;HS
hahaha idiot bilang kpd orang kafir terurama para nasrani pendukung ahok kafir jangan memasuki wilayah syariat islam;HS
i hasil makmak kalian jual pukinya bagi kslian yg berpihak kepada pki dan si ahok anak china anjing kafir ini serta nkri bukan didapat;HS
tim pendukung sakit jiwa kehilangan akal sehat ide ;HS
 hati hati mereka mulai prustasi dan memainkan cara cara kasar karena hasil dari berbagai survei si penista agama kalah;HS
hookk masuk gorong aja loe ;HS
kayak gini nih kampanye tim aniessandiuno ke kampung mengintimidasi masyarakat kampungan ye ;HS
si kutil babi telah melecehkan pribumi dan umat islam ;HS
ngomong aja ente sama kaca memecah belah kerukunan lagi hok ente bisanya ngaco ;HS
 terorist nyata di indonesia bukan wahabi bukan onta tapi babi babi milik cina penebar teror sesungguhnya;HS
rt sadarlah wahai anak bangsa ibu pertiwi sedang diporakporandakan oleh manusia biadab sebagai aktor utama;HS
sepertinya gerombolan rindu kerusuhan hati dikabul tuhan ;HS
ahok and bani serbet and wereng coklat memancing umat muslim supaya marah dengan kalian itu kumpulan orang sinting;HS
 baru ada direzim jokopretsetaniblisdajjal dibangkitkan dr kuburnya mereka gembira berpesta pora setelah lama dibelenggu;HS
yang anti cina mau ganyang cina tuh siapaaaa kami cuma anti ahok sang penista agama ;HS
udah bingung kalik mau pakai cara apa untuk kampanye sampai bikin fitnah yang kayak begituan depresi ya takut kalah ;HS
tahukah anda apa persamaan antara malin kundang dengan ahok mereka berdua samasam durhaka ;HS
haduh kelakuanmu hok soksokan menjaga keberagaman padahal provokator rasis ;HS
rt bikin darah mendidih bangsat penuh dengan propaganda emang lo kira islam radikal kalau kami mau;HS
kapolda babi biadap dan bodoh gak punya otak kali;HS
jangan lagi deh hina islam anda itu manusia hina dibandingkan agama yang mulia anda bukan siapa bukan apa ;HS
ahok kafir dan budaknya atau anjing nya hanya sebagai sampah agama islam dan sampah masyarakat;HS
umat agama islam dijakarta sangat haram dan sangat najis sekali dengan ahok kafir kristen;HS
 april cnn kibarkan bendera kuning atas kematian ahokdjarot;HS
itulah akibat ulah orang kafir nasrani persis seperti ahok kafir yg melarang jilbab kepada anak sekokah di jakarta;HS
baswedan pantas jadi gubernur jakarta dan komisioner kpk ahok kafir pantasnya jadi germo di alexis;HS
rt bagaimana klo kita ganyang beneran hokitu sih maunya elo ya hokadu domba pribumi dengan tionghoajangan;HS
masalahnya djarot tidak bisa memikirkan rakyat kecil pribumi bisanya hanya membabu kpd cina betul songong jongkok;HS
otak wc otak babi yg menerima ahok kafir kamu ahok kafir bkn sekedar menghina sdh anggap islam itu sampah;HS
dalam putaran dua nanti jika sampai ahok kafir curang umat islam sudah komitmen jakarta akan dijadikan lautan api sudah tidak mikir hukum;HS
 ahok menciptakan bara api antara rakyat pribumi dengan tionghoa yg dibalut dengan phobia ahok kafir rasis;HS
jangan heran pemerintahan jokowi sekarang ini budaknya kulinya cina ahok kafir dan naga;HS
ya itu namanya cawgub goblok gak ngerti peraturan debatkelihatan bego dan liciknya itu sandiaga uno;HS
bodoh jika para pendukung ahok yg muslim tidak tersinggung sama sekali tapi bisa aja sih quran d hina saja mrka diam ;HS
gubraaaaak malu liatnya untung semalem debat ga kaya mata najwa coba kalo formatnya sama pasti ringsek dah pasangan asu;HS
yg jelas otak ahokdjarot sudah sangat tumpul sangat loyo dan stress sudah jebol harus dicopot dan diganti;HS
ahok kafir bukan hanya maling tapi juga garong lahan laut milik nelayan dirampok dirampas untuk reklamasi yg menguntungkan cina kafir;HS
sumpah bego bgt sih kesel gue kenapa ada org yg vote makhluk kayak sandiaga uno coba oh agama;HS
responden yangg goblok belum faham juga wartawan beritasatu juga goblok nanti klo aniessandy sudah memimpin sangat mudah;HS
fpi renovasi masjid itu sangat tepat ahok kafir kristen ngapain ngurusi masjid apa hubungannya;HS
mengapa ahoker kristen munafik tidak berhenti mengolok gereja stiap hari apakah mereka memang dibriefing ahok untuk menghina si bumi datar;HS
uma surveynya si botak yg menangkan ahok karena apa karena dia cina kristen bukti kalo si botak dukung sesama cina kristen;HS
ahok pemecah belah ummat ajaran kristen konyol demi meraup suara muslim jelas ahok ini rasis pki tulen;HS
woy lu udah nonton yang ini fitnah pale lu peyang gym ;HS
ahok memilih pemimpin berdasarkan agama melanggar konstitusi sebaiknya babi ini di bungkus aja congornyapecah belah umat beragama;HS
saya pribumi kristen dan mendukung ahok tapi saya paling anti dengan manusia bodoh dan goblok seperti steven hadisurya sulistyo;HS
maksudnya terbukti korupsi dan penistaan agama nya ya om bangsat lo taik lo maaf gw pake bahasa babi ahok;HS
ehh taik bangsat lo omongan elo kayak iwan bopeng yg mo potong leher tni bangsat lo iwan bopeng baekin tni taik lo;HS
ehh anak anjing ahok kelan itu blon siuman mending emut bool basuki lagi aja sana kasih tau sama babi yg lain bool basuki wangi gitu;HS
cwe cakep tp begopantes gk lakusi ahok cina bau taimakan bubur encerahok faham komunismenista islam kristen;HS
dan ajeng pasti paham si babi ahok klo bicara santun bangsat taik anjing setan lo dngn intonasi yg familiar tuntuna;HS
itu dia bunuh aja yg didepan mata dia mafia koruptor nya penista agama pula panggilan popular nya babi ahok;HS
gimana dgn sumber waras trans jakarta ko jokowi diem ajah harusnya si kutil babi ahok di ganyang;HS
muka si babi ahok tuh yg mirip serbet lantai;HS
betul bang hancurkan merka bang musnahkan china babi dibumi pertiwi indonesia berkedok reklamasi itu ahok;HS
sapa yg bilang ahok anti korupsi klo grombolannya ngomong gtu wajar ahok itu mafia koruptor sang penista agama yg dilindungi istana pki;HS
gw juga ngimpi sentilin biji babi ahok pcetar pcetar langsung kejang die ngadu ke jkw jkw makanye sunat dulu bru ngomong almaidah;HS
mudahan gw ketemu sama si babi iwan bopeng di tps nya anjing ahok;HS
