source,target
aNgGA_Kid,sandiunosatu
e_ferdh,martayudapratam
PKSJerman,PKS_Jaktim
Juragantahu86,topelucky
Juragantahu86,JktMajuBersama
Juragantahu86,topelucky
Juragantahu86,catur_nug
bokohalal,Mentimoen
RosulFahrozi,Mentimoen
RezaAzhari24,PKS_Jaktim
dekotjakbar,kerja4as_uno
PKSJaksel,tropongsenayan
Risma_hans,gerilyapolitik
Partai_Gerindra,kerja4as_uno
bambangelf,Heine_Nababan
panca66,Heine_Nababan
Rachma_Ima,pandji
EfieyTya,tropongsenayan
alvinwidjaya,kerja4as_uno
meilaniadesta,gerilyapolitik
AdeKeren,Heine_Nababan
MichelaniaAdam,pandji
JktMajuBersama,sandiuno
JktMajuBersama,sandiuno
MichelaniaAdam,relawananies
MichelaniaAdam,Reiza_Patters
MichelaniaAdam,pandji
rifkiagung,sandiuno
LUTHFU1990,zaka_gold
gindrag,gerilyapolitik
arman451,Heine_Nababan
AgusFansClub_,Heine_Nababan
ahokowi,tropongsenayan
ariisyat,Heine_Nababan
ZaraZettiraZZ,Heine_Nababan
tonopelor,mamahima1412
tonopelor,Pendopo_Anies
tonopelor,JktMajuBersama
tonopelor,cumarachel
tonopelor,Lustrilanang
karnotogw,YouTube
karnotogw,YouTube
haqi11official,tropongsenayan
dimasprakbar,Heine_Nababan
KmpkAniesSandi,pandji
rita_tj,gerilyapolitik
Taufan_40,sandiuno
haqi11official,Partai_Gerindra
haqi11official,kerja4as_uno
BadjaKerja,gerilyapolitik
Gerak_kebajikan,gerilyapolitik
alonwatonsuwe,Heine_Nababan
Toni_Romdoni,gerilyapolitik
pekaklonto,gerilyapolitik
rajawalingepret,gerilyapolitik
rifkiagung,sandiunosatu
bratbret,Heine_Nababan
PKS_makasar,sandiuno
politik_twit,DheaMerlinda
Me_AYS,gerilyapolitik
sohen66,Heine_Nababan
rendiseftian,pandji
soara_id,kataPolitikus
adjis_abm,muslimber1
awalihwan,wartapolitik
R10N3777,gerilyapolitik
madsal_59,Heine_Nababan
hafiqalby2,elfizal
didi_furqon,wartapolitik
R10N3777,TNasionalis
R10N3777,GunRomli
bbryan5758,sandiuno
KAMPUS_DuniaKU,tropongsenayan
vanzaidir,gerilyapolitik
acak2adul2,wartapolitik
awalihwan,wartapolitik
ulirhmn,Heine_Nababan
Hendra_Alamin,wartapolitik
panjinet1,wartapolitik
vertikality,wartapolitik
utomo_y,tropongsenayan
iwan_chawig2,sandiuno
iwan_chawig2,prabowo
vertikality,wartapolitik
Ale00008,wartapolitik
agoeeeessss,sandiuno
TAnggadireja,Heine_Nababan
ridharespaty,aniesbaswedan
beny1107,Gerindra
awal_nmz,sandiunosatu
RudisahMulya,tropongsenayan
ridharespaty,aniesbaswedan
pksbantargebang,tropongsenayan
bangcepe7,Heine_Nababan
muhfachmi13,Heine_Nababan
Victor96667676,BeritaAnieSandi
aris_apuesto,Heine_Nababan
pekaklonto,ridharespaty
pekaklonto,aniesbaswedan
tubagus_tarbia,Heine_Nababan
rajawalingepret,dikaamahesta
bon_nugroho,Heine_Nababan
rajawalingepret,ridharespaty
rajawalingepret,aniesbaswedan
dewkemalahayati,Heine_Nababan
Glory_Nusantara,aniesbaswedan
FaisalGamer_182,dikaamahesta
rudyno1,sandiunosatu
AbuGhozy,pandji
RachmatDaradjat,sandiuno
SupriyadiIkhwan,sandiunosatu
awal_nmz,didienAZHAR
kangpurdie,wartapolitik
tiyo_gntr,wartapolitik
awal_nmz,tropongsenayan
rujack_xingur,sandiuno
GAYJODOH,Gerindra
KalumbatangStrt,Heine_Nababan
MahyudinIsmail,RustamIbrahim
xieweijie,RustamIbrahim
pekaklonto,RustamIbrahim
nilamerah1,didienAZHAR
HamzahKemal,RustamIbrahim
PradityaBeni,wartapolitik
mawar_pedoman,Takviri
menjelangasar,Takviri
zidiii,PKS_Jaktim
AEPishere,Takviri
habibthink,Takviri
rena_issance99,Takviri
muhammadbayuisa,roemahdjoeang
muhammadbayuisa,roemahdjoeang
muhammadbayuisa,Lustrilanang
tjahtngina,Takviri
Fraksi_Gerindra,roemahdjoeang
Fraksi_Gerindra,roemahdjoeang
Fraksi_Gerindra,Lustrilanang
Ayaniulva,wartapolitik
rena_issance99,RustamIbrahim
simarmata26,RustamIbrahim
riyandesign,Takviri
RachmatDaradjat,LorisbenMunthe
Femimoza,RustamIbrahim
SugengRD,PlasmaJaksel
Tere_one34,RustamIbrahim
ivone1410,hariadhi
pulang_kekotaku,hariadhi
hendrahwahyudi,CNNIndonesia
Leon04099764,Takviri
memed_12,muslimber1
karnotogw,YouTube
karnotogw,YouTube
budiarto2303,RustamIbrahim
meilaniadesta,hariadhi
SGM_cules,Takviri
rhiq74,hariadhi
adilgarda88,Partai_Gerindra
adilgarda88,kerja4as_uno
SGM_cules,RustamIbrahim
newagestein,RustamIbrahim
Tik_Tob,RustamIbrahim
Ayaniulva,tropongsenayan
thetruth17845,Takviri
ImamJujur,Takviri
fynda34,Heine_Nababan
haloJakarta,Takviri
aldebaranpp,RustamIbrahim
tulswib,Takviri
abdizsalam,pandji
nuel168,gerilyapolitik
Lukman_HARP,RustamIbrahim
BadjaNuswantara,Takviri
c02ef4bfeb26420,Takviri
thisisandri,sandiuno
peterebusss,pandji
ASaronFu,pandji
dewata_punta,sandiunosatu
asbarAHM,Takviri
rika_tatum,Takviri
Jovita_SHN,Takviri
Adhelicious91,Takviri
Maria_Wong99,Takviri
Hodolahi,dikaamahesta
suryasinarmaha,sandiuno
arrosyaddi,Takviri
RachmatDaradjat,Hendra_Alamin
An18Ping,Takviri
imroniim,Hendra_Alamin
MAdiStywn,sandiuno
Pejuang_Subuh01,wartapolitik
wisat,Heine_Nababan
ErickPapua,Takviri
OneLoveDwi,Junior_Mutant
hanifwildan,Takviri
rava09,tropongsenayan
rika_tatum,Takviri
rika_tatum,JktMajuBersama
rika_tatum,Takviri
rika_tatum,JktMajuBersama
Risma_hans,Takviri
emhymo,pandji
dewisuryakarti3,wartapolitik
pacco23calandre,topelucky
kuntakinteindo,pandji
Hendra_Alamin,pandji
Oddie_Budi_S,Takviri
UniNur4,wartapolitik
ahmadyaniritong,RustamIbrahim
JakSchool_Manis,SuaraAnies
fx_kristianto,Takviri
Heine_Nababan,topelucky
sasa_feriska,aniesbaswedan
rika_tatum,Takviri
rika_tatum,JktMajuBersama
usmanhrp85,pandji
kuntakinteindo,pandji
Maria_Wong99,aniesbaswedan
Maria_Wong99,JktMajuBersama
omankyanur26,Takviri
floridasitepu,hariadhi
sasa_feriska,aniesbaswedan
sasa_feriska,sandiuno
sasa_feriska,aniesbaswedan
diannyanna90,JktMajuBersama
diannyanna90,GunRomli
Maria_Wong99,aniesbaswedan
Maria_Wong99,JktMajuBersama
Adhelicious91,aniesbaswedan
Adhelicious91,JktMajuBersama
aisharana_,JktMajuBersama
aisharana_,MasTBP_
Yoshuapar,ihsan_AF
Yoshuapar,JktMajuBersama
Jovita_SHN,aniesbaswedan
Jovita_SHN,JktMajuBersama
Rezasalihuddin,JktMajuBersama
Rezasalihuddin,qitmr
kumalasan_dy,addiems
kumalasan_dy,aniesbaswedan
donaldo919,Takviri
NeldaSihotang,Takviri
dhasmy3180,sandiuno
tannusantara,gerilyapolitik
abramsone,Takviri
rika_tatum,Takviri
Jovita_SHN,Takviri
Maria_Wong99,Takviri
Adhelicious91,Takviri
akmaleuyy,gerilyapolitik
Femimoza,Takviri
dhasmy3180,tropongsenayan
arsyerton,RustamIbrahim
SibariBungsu,pandji
eppyhsn,topelucky
eppyhsn,aniesbaswedan
eppyhsn,sandiuno
ivanlain,pandji
pestapademangan,sandiuno
dona_plg,pandji
dhasmy3180,PKS_Jaktim
deny0902,Jovita_SHN
ponco_anugrah,pandji
dhasmy3180,SuaraAnies
lutfilutt,pandji
Jovita_SHN,aniesbaswedan
Jovita_SHN,JktMajuBersama
Maria_Wong99,aniesbaswedan
Maria_Wong99,JktMajuBersama
Adhelicious91,aniesbaswedan
Adhelicious91,JktMajuBersama
WeedAnggrawipa,pandji
deny0902,Takviri
arfn_m,pandji
josephinestr21,Takviri
RazhiAr,Hendra_Alamin
kekekapriana,RustamIbrahim
malam_3,pandji
dhasmy3180,NHulwani
zidiii,fhadelkamnie
rujack_xingur,LorisbenMunthe
adih_prijatna,Takviri
vidia75,RustamIbrahim
bonhutapea,Takviri
Rezasalihuddin,JktMajuBersama
Rezasalihuddin,idetopia
diannyanna90,JktMajuBersama
diannyanna90,novri75
Yoshuapar,JktMajuBersama
Yoshuapar,kangdede78
aisharana_,JktMajuBersama
aisharana_,TeddyGusnaidi
kumalasan_dy,JktMajuBersama
kumalasan_dy,ihsan_AF
irwanwaji,PKS_Jaktim
Yopie_Alex,RustamIbrahim
Ze_sukma,sindir
RachmatDaradjat,kerja4as_uno
RachmatDaradjat,BeritaAnieSandi
RachmatDaradjat,kerja4as_uno
SugengRD,pandji
sasa_feriska,aniesbaswedan
akbar_fitri,wartapolitik
LaaTansyaa,Por0s
bangmis,wartapolitik
zidiii,dimas_ui
Jovita_SHN,aniesbaswedan
Jovita_SHN,JktMajuBersama
Maria_Wong99,aniesbaswedan
Maria_Wong99,JktMajuBersama
Khaleed10112011,pandji
Adhelicious91,aniesbaswedan
Adhelicious91,JktMajuBersama
ponco_anugrah,sandiuno
topelucky,eppyhsn
topelucky,topelucky
topelucky,aniesbaswedan
topelucky,sandiuno
djathilan,PusatSiaranPers
maspiyuuu,Heine_Nababan
bangmis,tropongsenayan
Takviri,Takviri
Adhelicious91,aniesbaswedan
Adhelicious91,JktMajuBersama
bibin_bey,Heine_Nababan
arif253162,Takviri
sasa_feriska,aniesbaswedan
Adhelicious91,aniesbaswedan
Adhelicious91,JktMajuBersama
Jovita_SHN,aniesbaswedan
Jovita_SHN,JktMajuBersama
aluxoft,sandiuno
Maria_Wong99,aniesbaswedan
Maria_Wong99,JktMajuBersama
BuiCia,Takviri
sasa_feriska,aniesbaswedan
arifsyafrudin3,Jovita_SHN
arifsyafrudin3,aniesbaswedan
fhadelkamnie,Gerindra
fhadelkamnie,JktMajuBersama
JktMajuBersama,pandji
asep_slay,fhadelkamnie
asep_slay,Gerindra
asep_slay,JktMajuBersama
Fadel_Uno,fhadelkamnie
Fadel_Uno,Gerindra
Fadel_Uno,JktMajuBersama
kata_sandiuno,fhadelkamnie
kata_sandiuno,Gerindra
kata_sandiuno,JktMajuBersama
mukhlis_suyono,fhadelkamnie
mukhlis_suyono,Gerindra
mukhlis_suyono,JktMajuBersama
gilang_pram7,fhadelkamnie
gilang_pram7,Gerindra
gilang_pram7,JktMajuBersama
iksan_sitompul,fhadelkamnie
iksan_sitompul,Gerindra
iksan_sitompul,JktMajuBersama
lintang_basuki,fhadelkamnie
lintang_basuki,Gerindra
lintang_basuki,JktMajuBersama
SelenaMawar,fhadelkamnie
SelenaMawar,Gerindra
SelenaMawar,JktMajuBersama
arief_kotay,fhadelkamnie
arief_kotay,Gerindra
arief_kotay,JktMajuBersama
baim_pradan,fhadelkamnie
baim_pradan,Gerindra
baim_pradan,JktMajuBersama
Margaretshiloam,fhadelkamnie
Margaretshiloam,Gerindra
Margaretshiloam,JktMajuBersama
angki_anggoro,fhadelkamnie
angki_anggoro,Gerindra
angki_anggoro,JktMajuBersama
WienaBagus,fhadelkamnie
WienaBagus,Gerindra
WienaBagus,JktMajuBersama
lian_matondang,fhadelkamnie
lian_matondang,Gerindra
lian_matondang,JktMajuBersama
amir_ozan,fhadelkamnie
amir_ozan,Gerindra
amir_ozan,JktMajuBersama
slamet_ading,fhadelkamnie
slamet_ading,Gerindra
slamet_ading,JktMajuBersama
SuyonoMukhlis,fhadelkamnie
SuyonoMukhlis,Gerindra
SuyonoMukhlis,JktMajuBersama
roni_blus,fhadelkamnie
roni_blus,Gerindra
roni_blus,JktMajuBersama
Kerja4AS,fhadelkamnie
Kerja4AS,Gerindra
Kerja4AS,JktMajuBersama
aull_udell,apreiskagilang
MakkasauRamli,RustamIbrahim
MFARIDJ,jakpascyber
MFARIDJ,Chaul8
MFARIDJ,republikaonline
yurikaa_dr,Heine_Nababan
KojekRapBetawi,PLASMA_JKT
ali_ontel,tropongsenayan
MuhRafli27,pandji
astutiwidia68,pandji
fajr_fatahillah,fansorangbaik
lookinglove62,wartapolitik
Jovita_SHN,aniesbaswedan
Jovita_SHN,JktMajuBersama
Maria_Wong99,aniesbaswedan
Maria_Wong99,JktMajuBersama
Adhelicious91,aniesbaswedan
Adhelicious91,JktMajuBersama
eae18,AbbasFirman
deny0902,Adhelicious91
deny0902,aniesbaswedan
deny0902,JktMajuBersama
ApManan,sindir
ApManan,sindir
ApManan,sindir
ApManan,sindir
MuhRafli27,pandji
nemblas,AbbasFirman
noihanaphi,Heine_Nababan
johnymneumonics,Heine_Nababan
duluwismapi1,Heine_Nababan
MousaRj,ajibmetal
iwanridw2603,Heine_Nababan
maz_doels,Heine_Nababan
sylvielovely,Takviri
Konco_WB,AbbasFirman
RachmatDaradjat,mamahima1412
RachmatDaradjat,Pendopo_Anies
RachmatDaradjat,JktMajuBersama
RachmatDaradjat,cumarachel
RachmatDaradjat,Lustrilanang
Maria_Wong99,aniesbaswedan
Maria_Wong99,JktMajuBersama
Jovita_SHN,aniesbaswedan
Jovita_SHN,JktMajuBersama
LaluAlby,sandiuno
deny0902,Maria_Wong99
deny0902,aniesbaswedan
deny0902,Jovita_SHN
deny0902,aniesbaswedan
NLukman2016,pandji
hariadhi,badjakarta
jakpascyber,myTranstweet
armangn8,PLASMA_JKT
jeehadielbanna,pandji
IasMardiyah,badjakarta
bffb300aff02425,RustamIbrahim
umayalfarouq,pandji
Dicubit69,Takviri
soerto,Takviri
maula679,pandji
awal_nmz,wartapolitik
IvanAditia21,sindir
alihasbyy,PKSJaksel
ManompangFHtp,hariadhi
newagestein,Takviri
ManompangFHtp,RustamIbrahim
gilangind,Takviri
adioktando17,pandji
puspitauyauy,pandji
Adipermana0111,pandji
sophyan0506,AbbasFirman
mat_caniy,pandji
ahmad_paris95,pandji
PrasetyarDedi,pandji
ihsan_algifari,pandji
riri_asril25,pandji
rohaniswanto3,pandji
DTantyo,pandji
ridwantohiroku,pandji
yudiadmojoku1,pandji
rianunami1,pandji
ariflendra17,pandji
Wirabudiman1985,pandji
maharan88812811,pandji
bimanug911,pandji
nobadi7,Takviri
tadnaloy,RustamIbrahim
Garam56265683,badjakarta
mephymafia,apreiskagilang
masPri78,PLASMA_JKT
heidymadia,Takviri
Sjaechu,BeritaAnieSandi
rofi_ra43,badjakarta
Yudhatama08,pandji
asdilback,BaTRamadhan
zullchaidir,PLASMA_JKT
JoySaja,pandji
soerto,RustamIbrahim
MelayuSejahtera,AbbasFirman
malam_3,afinabunda
Risma_hans,badjakarta
Rizky_Juns,pandji
Rizky_Juns,sandiuno
toranaga3000,tropongsenayan
BandungSharer,martayudapratam
edoWija51613267,afi_fillah
ReformatorPSSI,Takviri
PlasmaJaksel,aliffriendy
PlasmaJaksel,PlasmaJaksel
PlasmaJaksel,relawananies
PlasmaJaksel,prabowo
PlasmaJaksel,PKSJakarta
PlasmaJaksel,MusabUm56896138
PlasmaJaksel,PlasmaJaksel
GARUDA_AHY,Heine_Nababan
uniuli,RustamIbrahim
Mitowantiase,RustamIbrahim
Hendartr,RustamIbrahim
gatot30,Heine_Nababan
dhasmy3180,pandji
Komaini_ahmad24,roemahdjoeang
Komaini_ahmad24,roemahdjoeang
Komaini_ahmad24,Lustrilanang
TukangKoprol,RustamIbrahim
dhasmy3180,fhadelkamnie
dhasmy3180,Gerindra
dhasmy3180,JktMajuBersama
quin_ingrid,Takviri
m4y4_ms,GunRomli
Yahya62165620,afinabunda
am_osami,Heine_Nababan
Yahya62165620,pandji
maula679,maula679
faridzdzdz,Takviri
SobatJkt3,fhadelkamnie
SobatJkt3,Gerindra
SobatJkt3,JktMajuBersama
Takviri,hadi13ism
sahabatmalam83,PLASMA_JKT
arianwijaya,Takviri
FiraniaAmanda__,Takviri
arief_kotay,fhadelkamnie
baim_pradan,fhadelkamnie
gilang_pram7,fhadelkamnie
slamet_ading,fhadelkamnie
amir_ozan,fhadelkamnie
iksan_sitompul,fhadelkamnie
Kerja4AS,fhadelkamnie
SuyonoMukhlis,fhadelkamnie
Margaretshiloam,fhadelkamnie
asep_slay,fhadelkamnie
WienaBagus,fhadelkamnie
roni_blus,fhadelkamnie
mukhlis_suyono,fhadelkamnie
lian_matondang,fhadelkamnie
kata_sandiuno,fhadelkamnie
lintang_basuki,fhadelkamnie
angki_anggoro,fhadelkamnie
SelenaMawar,fhadelkamnie
Fadel_Uno,fhadelkamnie
wakilgubernurKW,Takviri
Takviri,TukangKoprol
kkvrindhavan,Heine_Nababan
arianwijaya,Takviri
MulyadiEndang,sandiunosatu
farididoev,bayprio
MulyadiEndang,sandiunosatu
MulyadiEndang,sandiuno
3anfibi,pandji
nicoshn,Takviri
MulyadiEndang,PKS_Jaktim
MulyadiEndang,SohibAniesSandi
MulyadiEndang,aniesbaswedan
MulyadiEndang,sandiuno
MulyadiEndang,sandiunosatu
faridzdzdz,Takviri
Komaini_ahmad24,BeritaAnieSandi
epr2710,bayprio
BangJoe27,sindir
EkoPurw78852195,AbbasFirman
BangJoe27,sindir
haqi11official,PKSJaksel
karyawanaspan,PKSJaksel
haqityas,PKSJaksel
MajuBersamaNo3,PKSJaksel
BaihaqiBudiman,PKSJaksel
BobyIrva,Takviri
haqi11official,BeritaAnieSandi
karyawanaspan,BeritaAnieSandi
haqityas,BeritaAnieSandi
MajuBersamaNo3,BeritaAnieSandi
BaihaqiBudiman,BeritaAnieSandi
BangJoe27,sindir
aL_zuhrie12,PLASMA_JKT
haqi11official,PKSJaksel
karyawanaspan,PKSJaksel
haqityas,PKSJaksel
BaihaqiBudiman,PKSJaksel
MajuBersamaNo3,PKSJaksel
AsniGinastati,fhadelkamnie
thahirsyaugi,PLASMA_JKT
tasrip94895039,pandji
Maria_Wong99,Takviri
Maria_Wong99,JktMajuBersama
Relawandibopiss,fhadelkamnie
Adot1998,BeritaAnieSandi
ASaronFu,Takviri
Shinta_H_Wijaya,pandji
adi_dazzz,bayprio
Relawandibopiss,fhadelkamnie
Relawandibopiss,Gerindra
Relawandibopiss,JktMajuBersama
ranubhaya,tropongsenayan
RachmatDaradjat,rifkiagung
CHristi24476802,bayprio
papa_e_ciceng1,Takviri
PKSLumajang,sandiuno
pksumbersuko,sandiuno
aql1nd4,sandiuno
ZkaputriRi,bayprio
akuratco,aniesbaswedan
akuratco,sandiuno
haqityas,sandiuno
MajuBersamaNo3,sandiuno
karyawanaspan,sandiuno
BaihaqiBudiman,sandiuno
haqi11official,sandiuno
BaihaqiBudiman,PKSJaksel
haqityas,PKSJaksel
karyawanaspan,PKSJaksel
MajuBersamaNo3,PKSJaksel
haqi11official,PKSJaksel
RudisahMulya,sandiuno
AhmadVee,sandiuno
tasrip94895039,sandiuno
lail_khusna,pandji
Rizky_Juns,sandiuno
Shinta_H_Wijaya,sandiuno
haikalmarssy,wartapolitik
a_dit20,sandiuno
merdhy,sandiuno
PKSKalbar,PKSJaksel
laodesahrulan,Heine_Nababan
Seppalga,sandiuno
odranoer,pandji
r_bilbina,Reiza_Patters
dedy_steven80,RustamIbrahim
indarr5,sandiuno
bayprio,pandji
sadardiri12,sandiuno
baim_pradan,sandiuno
SelenaMawar,sandiuno
slamet_ading,sandiuno
WienaBagus,sandiuno
Fadel_Uno,sandiuno
amir_ozan,sandiuno
lian_matondang,sandiuno
roni_blus,sandiuno
angki_anggoro,sandiuno
arief_kotay,sandiuno
asep_slay,sandiuno
gilang_pram7,sandiuno
iksan_sitompul,sandiuno
lintang_basuki,sandiuno
Margaretshiloam,sandiuno
SuyonoMukhlis,sandiuno
Kerja4AS,sandiuno
fhadelkamnie,sandiuno
mukhlis_suyono,sandiuno
kata_sandiuno,sandiuno
haqityas,fhadelkamnie
haqi11official,fhadelkamnie
BaihaqiBudiman,fhadelkamnie
karyawanaspan,fhadelkamnie
MajuBersamaNo3,fhadelkamnie
maula679,Sahuddin257
tsy_nsh,sandiuno
r_bilbina,pandji
BundaHani,pandji
isulaima,sandiuno
soe_hok_kiplie,sandiuno
tikalina3,sandiuno
pksart,JktMajuBersama
pksart,Gerindra
pksart,PKSejahtera
RawatiHe,bayprio
annisanurulfzyh,sandiuno
shantysya,Takviri
evand_7dragon,sandiuno
haqityas,pksart
haqityas,JktMajuBersama
haqityas,Gerindra
haqityas,PKSejahtera
BaihaqiBudiman,pksart
BaihaqiBudiman,JktMajuBersama
BaihaqiBudiman,Gerindra
BaihaqiBudiman,PKSejahtera
MajuBersamaNo3,pksart
MajuBersamaNo3,JktMajuBersama
MajuBersamaNo3,Gerindra
MajuBersamaNo3,PKSejahtera
haqi11official,pksart
haqi11official,JktMajuBersama
haqi11official,Gerindra
haqi11official,PKSejahtera
karyawanaspan,pksart
karyawanaspan,JktMajuBersama
karyawanaspan,Gerindra
karyawanaspan,PKSejahtera
karyawanaspan,PKSJaksel
haqityas,PKSJaksel
MajuBersamaNo3,PKSJaksel
haqi11official,PKSJaksel
BaihaqiBudiman,PKSJaksel
novandaalif,sandiuno
BaihaqiBudiman,Komaini_ahmad24
haqityas,Komaini_ahmad24
karyawanaspan,Komaini_ahmad24
MajuBersamaNo3,Komaini_ahmad24
haqi11official,Komaini_ahmad24
rena_issance99,yusuf_dumdum
Andreasasatim,sandiuno
haqi11official,PKSJaksel
karyawanaspan,PKSJaksel
BaihaqiBudiman,PKSJaksel
haqityas,PKSJaksel
MajuBersamaNo3,PKSJaksel
BamzTeHa,pandji
KimberlyGrint,badjakarta
Adindaputri865,afi_fillah
fadhil_habsyie,sandiuno
pranastaasatim,pandji
FbriRahmatullah,sandiuno
BundaHani,pksart
BundaHani,JktMajuBersama
BundaHani,Gerindra
BundaHani,PKSejahtera
novalpangara,JktMajuBersama
JaLdeee,ridwanrachmadi
fir_arif48,sandiuno
ancacodena1987,sandiuno
akmaleuyy,sandiuno
DharmawFarhan,PLASMA_JKT
IrfanTeja_S,pandji
b1210,sandiuno
GungdwiA,bayprio
bangmis,pandji
moniksembiring,sandiuno
zaykhanu,sandiuno
wahabbkamal,pandji
ryantawon,pandji
Mitowantiase,Takviri
uutrahmat,sandiuno
JaySoetija,bayprio
Komaini_ahmad24,sandiuno
Komaini_ahmad24,PKSJaksel
Relawandibopiss,PKSJaksel
MardaniAliSera,BeritaAnieSandi
Relawandibopiss,Komaini_ahmad24
DharmawFarhan,sandiuno
azoel_together,pandji
Komaini_ahmad24,RachmatDaradjat
chirpstory,kopi_lava
cinta_naura12,pandji
difananta,pandji
kokoh_hanyian,pandji
_darna2017,pandji
asriwicaksana,pandji
masyogye,pandji
athandraputra,pandji
amelia_jinjin,pandji
dikta1717,pandji
masemil00,pandji
kimbum_indah,pandji
dinomahendraa,pandji
lupitawidianto,pandji
hanyamandaa,pandji
hanakusuma12,pandji
AHLINYA_NERAKA,martayudapratam
Raynista,sandiuno
Yudhatama08,sandiuno
Alzib1885,sandiuno
diodsw_,sandiuno
luluduafull,pandji
Relawandibopiss,pksart
Relawandibopiss,JktMajuBersama
Relawandibopiss,Gerindra
Relawandibopiss,PKSejahtera
Muhammad_faaris,sandiuno
Komaini_ahmad24,rifkiagung
romdhananas,sandiuno
ltandjung,yusuf_dumdum
KarTika12205244,bayprio
ltandjung,Takviri
KarTika12205244,yos_rahman
rahsmartmulyadi,sandiuno
horniiman,sandiuno
rahsmartmulyadi,zaka_gold
MuTia64065723,bayprio
sasa_feriska,aniesbaswedan
yanata_arki,RustamIbrahim
yantimarlina85,gerilyapolitik
kataPolitikus,kopi_lava
hilyaaf,MusabUm56896138
hilyaaf,PlasmaJaksel
hilyaaf,aliffriendy
hilyaaf,PlasmaJaksel
hilyaaf,relawananies
hilyaaf,prabowo
hilyaaf,PKSJakarta
rahsmartmulyadi,pandji
oktorinaldo,Takviri
DwyandIyand,yusuf_dumdum
achonkwhizzkid,PKSJaksel
amelia_jinjin,PLASMA_JKT
athandraputra,PLASMA_JKT
kokoh_hanyian,PLASMA_JKT
masyogye,PLASMA_JKT
cinta_naura12,PLASMA_JKT
asriwicaksana,PLASMA_JKT
dinomahendraa,PLASMA_JKT
_darna2017,PLASMA_JKT
difananta,PLASMA_JKT
lupitawidianto,PLASMA_JKT
masemil00,PLASMA_JKT
dikta1717,PLASMA_JKT
kimbum_indah,PLASMA_JKT
hanyamandaa,PLASMA_JKT
hanakusuma12,PLASMA_JKT
Komaini_ahmad24,rifkiagung
dagadgetboi,yusuf_dumdum
rahsmartmulyadi,pandji
KosasihCindy,Heine_Nababan
awal_nmz,SalamBersama
JaySoetija,sandiuno
RTmiati,bayprio
awal_nmz,SalamBersama
rahsmartmulyadi,sandiuno
BeritaAnieSandi,SalamBersama
awal_nmz,SalamBersama
mat_caniy,sandiuno
ahmad_paris95,sandiuno
DTantyo,sandiuno
Adipermana0111,sandiuno
ariflendra17,sandiuno
rohaniswanto3,sandiuno
PrasetyarDedi,sandiuno
ihsan_algifari,sandiuno
riri_asril25,sandiuno
adioktando17,sandiuno
puspitauyauy,sandiuno
maharan88812811,sandiuno
rianunami1,sandiuno
bimanug911,sandiuno
ridwantohiroku,sandiuno
yudiadmojoku1,sandiuno
Wirabudiman1985,sandiuno
NOTASLIMBOY,mmar_io
UniNur4,sandiuno
hilyaaf,pandji
FauzanIrfn,sandiuno
SirvaMariana,pandji
JaySoetija,pksart
JaySoetija,JktMajuBersama
JaySoetija,Gerindra
JaySoetija,PKSejahtera
asriwicaksana,sandiuno
amelia_jinjin,sandiuno
_darna2017,sandiuno
hanakusuma12,sandiuno
difananta,sandiuno
dikta1717,sandiuno
cinta_naura12,sandiuno
athandraputra,sandiuno
dinomahendraa,sandiuno
kokoh_hanyian,sandiuno
masemil00,sandiuno
kimbum_indah,sandiuno
lupitawidianto,sandiuno
masyogye,sandiuno
hanyamandaa,sandiuno
joenna87,afi_fillah
ImanSopian14,pandji
ny_dkusnandar,sandiuno
malam_3,astutiwidia68
joenna87,komunitaskiri
KarTika12205244,FirMan24468148
mkusumawijaya,BeritaAnieSandi
isdeath46,retnopudji1
pasar_iko,RustamIbrahim
malam_3,haris_zr
andibukan,SuleTegepe
malam_3,astutiwidia68
malam_3,haris_zr
andibukan,sandiuno
BamzTeHa,arikosrie
malam_3,astutiwidia68
malam_3,haris_zr
SarinovitaRestu,sandiuno
si_nyeleneh,sandiuno
yantimarlina85,yusuf_dumdum
princessminang,sandiuno
ekoyuniarto,pandji
siswantowidyam,RustamIbrahim
andibukan,airakaz
dediwahyudi15,pksart
dediwahyudi15,JktMajuBersama
dediwahyudi15,Gerindra
dediwahyudi15,PKSejahtera
MuhamadAliyaeti,sandiuno
Marjoriestar,PokijanAcil
andibukan,BeritaAnieSandi
Raynista,SuaraAnies
BangRijal_D3,aniesbaswedan
miralisw,sandiuno
jundies61,pandji
achmad_marendes,Takviri
Kardusnyiromlah,PokijanAcil
fatihkantona,DheaMerlinda
BobyRahmat,wartapolitik
A357Bambang,roemahdjoeang
A357Bambang,Fraksi_Gerindra
Mastoeky1,BeritaAnieSandi
yudha1453,AbbasFirman
hilyaaf,kerja4as_uno
agungsetiarso,sandiuno
IbnuKhald,MariaRilla
IbnuKhald,BeritaAnieSandi
cumarachel,pandji
irfanka98,PLASMA_JKT
JoJr33033215,Heine_Nababan
marlis481,RustamIbrahim
aryo0,pandji
aliffriendy,PlasmaJaksel
SuaraAnies,pandji
t_timandrew,Heine_Nababan
aajap,sandiuno
assebzan,sandiuno
bebycombinasi,JaLdeee
Risma_hans,yusuf_dumdum
hilyaaf,sandiuno
3anfibi,sandiuno
MDendyan,Heine_Nababan
erha_Kuswandi,tropongsenayan
EdwinLTP,pandji
hilyaaf,PKSJaksel
hilyaaf,PKSJaksel
hilyaaf,PKSJaksel
hilyaaf,PKSJaksel
hilyaaf,PKSJaksel
khairulumuri13,sandiuno
hilyaaf,PKSJaksel
hilyaaf,PKSJaksel
hilyaaf,PKSJaksel
hilyaaf,PKSJaksel
hilyaaf,PKSJaksel
havaraez,sandiuno
hilyaaf,PKSJaksel
hilyaaf,PKSJaksel
ifson,PKSJakarta
kumalasan_dy,Yoshuapar
Rezasalihuddin,Yoshuapar
diannyanna90,Yoshuapar
aisharana_,Yoshuapar
aliframadhani37,gerilyapolitik
RakyatJ87169522,arikosrie
mamahima1412,PKSejahtera
mamahima1412,Gerindra
mamahima1412,ChikiFawzi
hilyaaf,PKSJakarta
AnangMastolka,pandji
Hendra_Alamin,PKSJakarta
hilyaaf,sandiuno
hilyaaf,sandiuno
PlasmaJaksel,aliffriendy
PlasmaJaksel,PlasmaJaksel
asundamai,RustamIbrahim
BeritaAnieSandi,AndiDarmawan80
BeritaAnieSandi,PKSJakarta
fauzanrahmawan1,pandji
riosidjabat,Takviri
paknov,BeritaAnieSandi
_susan90,sandiuno
muthmaiin,aliffriendy
muthmaiin,PlasmaJaksel
muthmaiin,PKSJakarta
mamahima1412,pandji
muthmaiin,AndiDarmawan80
_susan90,PKSJakarta
MS_Fialmar,haris_zr
avid_ishak,sandiuno
AMFaathir2,BeritaAnieSandi
AliSiagian,BeritaAnieSandi
_susan90,Anggita_salim
romdhananas,PKSJakarta
SGM_cules,badjakarta
DanielLumban82,yusuf_dumdum
_susan90,Komaini_ahmad24
_susan90,fhadelkamnie
_susan90,BeritaAnieSandi
Heyontha,sandiuno
donirahmatzzz1,sandiuno
